img_id,absolute_clarity-vs-relative_clarity,closed_form-vs-open_form,linear_style-vs-painterly_style,multiplicity-vs-unity,planar_style-vs-recessional_style,set
img_00001.png,5,4.2,4.4,4.4,4.6,training
img_00002.png,5,2.6,3.4,4.6,3.6,training
img_00003.png,4.2,2.4,3.8,3.8,1.8,training
img_00004.png,1.8,4,3.8,3.6,2.6,training
img_00005.png,4.4,3.6,4,3.4,3.4,training
img_00006.png,2.6,2.6,4.6,4.4,2.8,training
img_00007.png,4.8,4.8,3.6,4.8,4.4,training
img_00008.png,1.2,2.2,3.4,2.6,2.2,training
img_00009.png,4,4.8,4.6,4.6,2.2,training
img_00010.png,2.2,3.4,3,2,2.4,training
img_00011.png,3.2,3.2,2.6,2,3,training
img_00012.png,5,4.6,3.8,3.6,3,training
img_00013.png,4.8,1.2,4.6,3.2,3.4,training
img_00014.png,4.2,4.6,4.4,3.4,3,training
img_00015.png,3.4,1,3.4,1,1.4,training
img_00016.png,1.2,2.2,3,3,1.8,training
img_00017.png,2,2.4,4.4,3.2,1.6,training
img_00018.png,4,4,3.6,3.8,2.4,training
img_00019.png,1,1.8,4.4,2.8,1.6,training
img_00020.png,4.2,4.4,2.2,2.4,2.8,training
img_00021.png,3.6,4.2,4.4,2.8,4.2,training
img_00022.png,2.6,2.8,3,4,4.2,training
img_00023.png,4.4,3.6,3,4.2,3,training
img_00024.png,4,3.2,3.6,4,3.8,training
img_00025.png,1.2,2.2,3,3.4,1.6,training
img_00026.png,1.4,2.4,3.2,2,4.2,training
img_00027.png,2.4,3,3.8,1.4,2.2,training
img_00028.png,3.4,1.8,2.4,1.8,2.4,training
img_00029.png,1.8,4.8,4.8,2.8,2.8,training
img_00030.png,4.4,4,4.6,4.4,4.4,training
img_00031.png,3.4,3.4,3,3,3.2,training
img_00032.png,4.6,4.8,4.2,4.6,3,training
img_00033.png,3.4,2.2,4.4,3.8,2.4,training
img_00034.png,1.2,2.2,3.2,1.8,3.6,training
img_00035.png,1.8,2.6,3.4,1.6,2.4,training
img_00036.png,3.8,1.8,4,2.6,1.6,training
img_00037.png,5,5,3,3,2.4,training
img_00038.png,3.6,4,4.6,3,2.4,training
img_00039.png,3.6,3.8,2.4,3.8,3.6,training
img_00040.png,4.6,2.2,3.6,5,3.8,training
img_00041.png,1.6,1.4,3.4,2,1.8,training
img_00042.png,1.8,1.8,3.2,1.4,1.8,training
img_00043.png,4.8,4.6,4.2,3.8,3.2,training
img_00044.png,2.6,2.4,3.6,2.4,2,training
img_00045.png,3.2,3.2,4.2,3,3.6,training
img_00046.png,3.2,3,4,4,2.6,training
img_00047.png,1.2,1.8,4.8,2,2.2,training
img_00048.png,4.4,4,4.8,5,4.2,training
img_00049.png,2.4,1.6,2.6,1.2,1,training
img_00050.png,1.2,2,3,1.4,1.8,validation
img_00051.png,3.6,4.6,4.4,3.8,1.4,training
img_00052.png,2,1,4,2.4,1.2,training
img_00053.png,4,1.8,3.2,2.8,1.2,training
img_00054.png,2.8,2.8,3.4,1.8,3.6,training
img_00055.png,4.8,4.2,3.6,4.2,3.8,training
img_00056.png,4,3.2,4,2.6,3.6,training
img_00057.png,3.4,4,4,3.6,2.8,training
img_00058.png,1,1,3,1.6,1.8,training
img_00059.png,3.8,4.4,5,4.4,3.6,training
img_00060.png,4.4,2,3,3.2,2.8,training
img_00061.png,2,2,3.6,2.4,2,training
img_00062.png,3.4,4.4,4,4.2,4.4,training
img_00063.png,1.8,1.4,4,2.8,1.6,training
img_00064.png,3.2,1,4,3.8,1.2,training
img_00065.png,4.6,3.6,4.4,4.8,5,training
img_00066.png,1.2,2.4,4.4,3.2,1.8,training
img_00067.png,4.6,3.8,4.6,4.2,3.8,training
img_00068.png,3.8,4.4,3.4,4.4,3.6,training
img_00069.png,1.2,2.8,3.2,3.2,2.2,training
img_00070.png,1.6,2.4,4,2.6,1.8,training
img_00071.png,1,2,4.2,3,2,training
img_00072.png,1.8,2.4,4.8,2.8,2.6,training
img_00073.png,4,4,2.4,3.8,3.4,training
img_00074.png,3.6,3.8,4.2,3.8,4.4,training
img_00075.png,1.8,1.6,3,2.4,2,training
img_00076.png,2.8,1.2,1.8,2,1.8,training
img_00077.png,4,3.2,3.2,3.4,3.4,training
img_00078.png,1.4,2.6,4.2,4,1.8,training
img_00079.png,3.8,2.8,5,2.4,4,training
img_00080.png,5,3.4,3,4,3.8,training
img_00081.png,1.6,2.8,2.4,2.2,3.4,training
img_00082.png,2.8,4.4,5,3.2,3.6,training
img_00083.png,4.4,1.6,1.8,2.6,1.6,training
img_00084.png,2.6,3.2,4,2.2,3.2,training
img_00085.png,3.4,3.6,2.4,3,4.4,training
img_00086.png,3.6,3.6,4.2,4.4,3.4,training
img_00087.png,1.4,2.2,1.6,2.2,3,training
img_00088.png,4.6,1.4,4.2,4.8,4.8,training
img_00089.png,2.6,2.6,2.4,2,2,training
img_00090.png,3.2,1,2.6,2.4,1.6,training
img_00091.png,1.6,2,2.6,2.4,2.2,training
img_00092.png,3.8,3.8,4.6,2.6,2.6,training
img_00093.png,1.6,2.8,2.8,1.2,2.2,training
img_00094.png,2.2,1.8,4.8,2.2,1.8,training
img_00095.png,3.2,3.2,3.2,3,3.4,training
img_00096.png,3.8,1.6,2.8,2.6,2.2,training
img_00097.png,1.2,3.2,3,2,3.6,training
img_00098.png,3.8,2,3.6,5,2.8,training
img_00099.png,5,4,3.8,4.2,3.8,training
img_00100.png,4.6,4.2,2.4,2.4,4.4,validation
img_00101.png,2.8,3,1.6,2,2,training
img_00102.png,4,3,3.2,1.8,3.8,training
img_00103.png,3.4,2.6,3.8,3.6,2.8,training
img_00104.png,1.2,2.2,4.6,3.2,2.8,training
img_00105.png,4.4,2.4,2.4,2.2,2.8,training
img_00106.png,1.4,1.6,3.4,2,2.8,training
img_00107.png,3.4,3,2.6,2.6,3.4,training
img_00108.png,2.6,1,1.4,1.4,1.6,training
img_00109.png,4,4,4,4.2,4,training
img_00110.png,4.6,4.8,4.6,4.8,4.2,training
img_00111.png,1.8,1.8,4.4,2.6,2,training
img_00112.png,3.6,2,2.6,3,1.2,training
img_00113.png,4.4,3.8,4,3.4,3.4,training
img_00114.png,4.8,4,4,4,3.8,training
img_00115.png,4,3,1.8,2.6,2,training
img_00116.png,1.6,2.8,4,3,2.2,training
img_00117.png,3.6,3,3,2,3.2,training
img_00118.png,2,2.6,5,3.4,3.2,training
img_00119.png,3.6,4.6,3.4,3,3,training
img_00120.png,4.6,4.8,4.4,2.6,3,training
img_00121.png,2.4,4,4.4,4.2,3.4,training
img_00122.png,3.6,4.8,3,4.6,3.4,training
img_00123.png,1.8,1.6,3,4,3.2,training
img_00124.png,1.2,1.8,5,2.8,1.8,training
img_00125.png,1.4,1.8,1.8,1,1.6,training
img_00126.png,1,2.4,4.6,3,3,training
img_00127.png,1.8,2.4,1.4,1.2,3.4,training
img_00128.png,2.8,2.4,3.6,1.6,3.2,training
img_00129.png,2.4,2.8,2.6,3.2,2.4,training
img_00130.png,1.4,2,4.6,3.2,1.6,training
img_00131.png,1.8,2,3.4,1.8,1.8,training
img_00132.png,4.6,1.6,4.4,2.2,3,training
img_00133.png,3.8,1.8,4.8,3.8,2.2,training
img_00134.png,2.8,2,3.6,3.6,3,training
img_00135.png,4.8,3.8,4.6,3.8,3.4,training
img_00136.png,1.2,2.6,4.2,3.4,3.2,training
img_00137.png,1.2,1.4,4,1.8,1.6,training
img_00138.png,1.8,2.4,4,2.6,2,training
img_00139.png,3.6,3.6,4.6,3.2,4,training
img_00140.png,2.6,1.8,2.8,3.2,2.6,training
img_00141.png,4.4,3.2,1.8,2.8,3.8,training
img_00142.png,4.4,4.4,4.2,3.8,4.4,training
img_00143.png,1,2.6,5,3.6,2.4,training
img_00144.png,1.2,2.2,4.6,2.4,1.2,training
img_00145.png,1,2.4,3.6,2.4,2.4,training
img_00146.png,3.8,4.2,3.6,4.2,4.8,training
img_00147.png,4.4,3.6,3.2,3.8,4.6,training
img_00148.png,1.6,2.4,4.6,3,1.6,training
img_00149.png,2.4,2.4,4.8,3,3.2,training
img_00150.png,4.8,4.2,3,4,4.4,validation
img_00151.png,3,2.6,4.6,3.2,3.6,training
img_00152.png,4.2,5,2.4,2.4,3.8,training
img_00153.png,4.2,1.6,4,4.2,2.2,training
img_00154.png,3.6,1,3.2,1.6,1.6,training
img_00155.png,3.6,4.4,3.6,2.4,3.8,training
img_00156.png,3.6,3.6,2.4,2.6,3.6,training
img_00157.png,2.4,1.8,3.6,2.4,2.4,training
img_00158.png,4,3.6,2.4,3.4,1.6,training
img_00159.png,3.6,3.8,4.6,4.4,3.4,training
img_00160.png,5,3.6,3,3.6,3.4,training
img_00161.png,3.8,3.6,1.8,2.6,1.4,training
img_00162.png,4,3.8,2.8,3,3.2,training
img_00163.png,2,1.2,2.8,2.2,1.6,training
img_00164.png,2,3.4,4.2,3.2,3,training
img_00165.png,4.4,4.2,4.8,4.8,4.2,training
img_00166.png,2,3,4.2,2.4,2.8,training
img_00167.png,4.4,2.2,4.6,2.2,2,training
img_00168.png,4.8,3.8,4.4,4,3.6,training
img_00169.png,4.4,2.4,3,3.4,2.6,training
img_00170.png,3.8,3,2.8,4,2.8,training
img_00171.png,4.4,4.6,3.6,4.8,3.6,training
img_00172.png,4.8,4.2,2.2,2.8,2,training
img_00173.png,3.8,4,3.6,4.4,3,training
img_00174.png,4.4,3,3.8,3.6,3.4,training
img_00175.png,3.6,5,4.6,3.2,3.2,training
img_00176.png,5,4.4,4.8,4.4,4.2,training
img_00177.png,4.2,3.8,2.4,2.8,3.4,training
img_00178.png,3.4,4.4,4,4.2,3,training
img_00179.png,1.8,2.8,2.8,1.4,2.8,training
img_00180.png,4.8,4,4.8,4.4,2.2,training
img_00181.png,4.6,3.4,2.6,4.2,3.6,training
img_00182.png,4.4,1,4.2,3.6,2,training
img_00183.png,4.4,1.4,3.4,3.4,4,training
img_00184.png,4.8,4.4,4.8,3.8,3.8,training
img_00185.png,1,3,1.6,2.4,3.4,training
img_00186.png,2.6,3.8,2.4,1.6,4.2,training
img_00187.png,2.6,2.8,2,1,2.6,training
img_00188.png,4.4,3.6,4,2.8,4.4,training
img_00189.png,4,3.4,1.8,2.2,2.8,training
img_00190.png,5,1.2,3.8,2.4,2.4,training
img_00191.png,5,3.6,2.8,4.2,2.4,training
img_00192.png,1.8,2.2,4.2,2.2,1.4,training
img_00193.png,3.6,3.6,3.6,4.2,3.2,training
img_00194.png,3.8,2.6,3.2,3.2,4.2,training
img_00195.png,4.8,4.2,4,4,3.8,training
img_00196.png,4.2,4.2,3.8,3.8,4,training
img_00197.png,1,2,3.4,3.8,2,training
img_00198.png,4.2,4,2.6,4,3.2,training
img_00199.png,4.4,3.2,2,1.4,2.6,training
img_00200.png,1,1,4.4,2.8,1.2,validation
img_00201.png,3.6,2.2,2.6,3.2,3.4,training
img_00202.png,5,4.8,4.2,3.8,1.6,training
img_00203.png,2,2.8,4.2,2.8,1.6,training
img_00204.png,3.4,2.6,3,3.8,3.4,training
img_00205.png,4.4,3.8,4.8,5,4,training
img_00206.png,3.4,1.4,2.6,1.8,1.2,training
img_00207.png,1.6,2.6,4.4,2.4,1.8,training
img_00208.png,5,4.8,3,4,2.8,training
img_00209.png,4.8,4.2,4,4.4,2.4,training
img_00210.png,2.8,3,3.8,3.6,1.8,training
img_00211.png,1.4,2.6,3.2,2.4,2.8,training
img_00212.png,3.8,2.2,4.8,3.6,4.2,training
img_00213.png,5,3.4,4.4,4,3.6,training
img_00214.png,4,3.2,4.4,3.8,3,training
img_00215.png,2.2,2.4,3.8,2.2,2,training
img_00216.png,1.6,2.8,3.4,1.6,2,training
img_00217.png,4.4,2.8,4.6,4,2.6,training
img_00218.png,2.2,1,2,1.6,1.4,training
img_00219.png,3.8,4.4,2,2.4,2.6,training
img_00220.png,2.6,1.2,3.2,1.6,1,training
img_00221.png,3,3.4,1.8,3,3.8,training
img_00222.png,1.6,2,3,1.8,2,training
img_00223.png,4.6,3.8,4,3.4,5,training
img_00224.png,3.8,4.8,2.8,4.2,3.6,training
img_00225.png,3.2,3.8,3.4,3.8,1.6,training
img_00226.png,4.8,3.8,3.8,4.2,4.8,training
img_00227.png,1.6,3.4,3.4,1,1.4,training
img_00228.png,5,4.4,4.2,4.4,3.8,training
img_00229.png,5,4.4,3.8,4.4,4.6,training
img_00230.png,1,2.8,4,2.6,3,training
img_00231.png,2.6,2.6,4.8,3,2.6,training
img_00232.png,2.2,1.8,2,2,3.2,training
img_00233.png,2.6,4.4,3.8,2,3,training
img_00234.png,4.6,4.4,3.2,4.4,3.4,training
img_00235.png,4.8,3.8,3.8,4.4,4.2,training
img_00236.png,4.8,3.8,4.4,4.8,4.2,training
img_00237.png,3,3.4,4.8,4.8,3,training
img_00238.png,4.2,3.2,4.6,4,3.4,training
img_00239.png,1.8,1.8,4.6,3.2,3,training
img_00240.png,5,2.6,2.8,2.4,1.8,training
img_00241.png,2,3.4,3.6,4,3,training
img_00242.png,1.8,2.6,3.8,4.6,1,training
img_00243.png,4.2,2.8,2.8,1.4,2.4,training
img_00244.png,3,4.2,3.2,3.4,3,training
img_00245.png,3.6,2.2,3,3.6,2.2,training
img_00246.png,3,3,3.8,1.2,2.8,training
img_00247.png,4,3.2,3.8,4.8,2.6,training
img_00248.png,2.8,2.6,1.8,2,1.4,training
img_00249.png,3,1.6,2.4,2,2,training
img_00250.png,4.4,3.6,2,2.8,2.4,validation
img_00251.png,4.6,4,2,1.2,3.6,training
img_00252.png,3.2,4.2,4.2,3.4,3,training
img_00253.png,1.4,2.8,3.8,3.2,1.8,training
img_00254.png,3.2,2.2,4.6,3.2,1.8,training
img_00255.png,3.8,3,4,4.2,3.6,training
img_00256.png,1.8,2.6,4.8,3.2,3,training
img_00257.png,3,1.8,4.2,3.4,3.4,training
img_00258.png,3.8,3.8,4.4,4.6,1.8,training
img_00259.png,4,3,3.4,3.6,3,training
img_00260.png,4.6,4,3.4,5,3,training
img_00261.png,1,2.4,3.4,1,3,training
img_00262.png,3.8,2.6,2.4,2.2,2.2,training
img_00263.png,2.4,1.8,4.2,2.4,1.6,training
img_00264.png,4,3.2,4,2.6,2.8,training
img_00265.png,5,4,4.4,3.8,1,training
img_00266.png,1,1.8,3.6,2.2,1.8,training
img_00267.png,4,4,3.2,2.4,3,training
img_00268.png,2.4,3.2,4.2,3.2,3.8,training
img_00269.png,4.4,2,4.4,3.4,3.4,training
img_00270.png,3.6,2.4,2,2.6,1.4,training
img_00271.png,4.2,2.6,3.8,3,2.8,training
img_00272.png,2.6,1.6,3.2,4.2,2,training
img_00273.png,4,4.8,3.6,4.6,4,training
img_00274.png,3.8,1.6,3.6,3.8,1.4,training
img_00275.png,3,2.6,2.6,3.4,2.8,training
img_00276.png,4.2,3.6,2.6,2,3,training
img_00277.png,1.8,3.2,3.6,2,1.8,training
img_00278.png,4.4,4.4,4.2,4.4,2.6,training
img_00279.png,3.6,1.2,4,2.2,2.8,training
img_00280.png,2.6,1.8,4,3.4,3.6,training
img_00281.png,4.8,3.4,4.6,4.4,2.2,training
img_00282.png,4.6,4.4,3.6,4.4,3.2,training
img_00283.png,3.6,4.6,4.4,4.2,4,training
img_00284.png,4.4,2.6,4.4,1.4,1.6,training
img_00285.png,1,1.8,2.4,3,1.8,training
img_00286.png,2.2,3.4,4.2,3.6,2.8,training
img_00287.png,5,4,3.6,4.4,4.8,training
img_00288.png,1,2.4,3.8,3,2.6,training
img_00289.png,1.4,2,3.4,1.8,1.8,training
img_00290.png,3.8,2.8,3.8,3.8,4.2,training
img_00291.png,4.2,4.6,3.8,4.8,4.2,training
img_00292.png,2,2.4,4.4,3.6,3.2,training
img_00293.png,4.2,3,3.2,3.2,2.6,training
img_00294.png,2,3.4,3.8,3.8,3,training
img_00295.png,3.4,2.8,3.8,3.4,2.8,training
img_00296.png,2.2,1.4,3.2,2.2,1.8,training
img_00297.png,3,4.4,4,4.8,3.2,training
img_00298.png,1.2,2,2.8,2,2.4,training
img_00299.png,2.8,1.6,3.4,2.2,2,training
img_00300.png,4,4.8,2.2,3.2,3,validation
img_00301.png,4,4,3.8,4,3.2,training
img_00302.png,4.6,3.6,3.6,4.2,2.6,training
img_00303.png,4.4,2.2,3.2,3.4,3.8,training
img_00304.png,1.6,2,4.6,3.4,1.4,training
img_00305.png,2.4,2.6,3.8,3.8,3.2,training
img_00306.png,3.2,1.2,3.2,2,2.6,training
img_00307.png,4.2,3.8,3.6,2.2,3.4,training
img_00308.png,1.8,3,2.8,3.6,1.8,training
img_00309.png,1,1.8,3.6,2.2,2.4,training
img_00310.png,4,4.8,3.4,4.2,4,training
img_00311.png,3.2,2,4.4,3,2,training
img_00312.png,5,3.4,4.4,4.8,3.8,training
img_00313.png,4.8,4.2,4.8,5,3.4,training
img_00314.png,3.4,2.8,2.4,3.2,3.2,training
img_00315.png,4.4,4,4.6,3.8,4,training
img_00316.png,4.4,4.2,2.8,3.4,3.2,training
img_00317.png,3,3.8,3,2.4,3.2,training
img_00318.png,4.4,3.8,5,4.6,3.6,training
img_00319.png,1,1.8,4.4,2.8,1.6,training
img_00320.png,3,2.8,1.6,2.4,2.2,training
img_00321.png,3.8,2.8,4.6,4,1.6,training
img_00322.png,1.2,2.6,3.2,2.6,2.6,training
img_00323.png,1.8,1.8,3.6,2.6,1.8,training
img_00324.png,2.6,1.8,1.8,2.4,1.6,training
img_00325.png,1.2,2.8,4.8,4,2.8,training
img_00326.png,3.6,4.4,3.2,2.2,4.2,training
img_00327.png,1.8,2.8,4.4,3,2.4,training
img_00328.png,2.4,2.6,3.8,1.2,4,training
img_00329.png,2.4,3.2,3.6,1.8,2.6,training
img_00330.png,3.4,1.2,2.2,3.2,1.2,training
img_00331.png,2,3.4,2.8,2.8,3.6,training
img_00332.png,5,4.8,4.6,3.2,3.4,training
img_00333.png,4.8,4.2,4.6,4.4,5,training
img_00334.png,2.2,2.6,2.8,2,2,training
img_00335.png,1,2.8,5,2.6,3,training
img_00336.png,3,2.8,4,2.8,1.8,training
img_00337.png,1.2,1.4,3.6,2,2.2,training
img_00338.png,3.2,2,2.8,2.6,4.8,training
img_00339.png,4.6,4.2,4.2,4.6,2.2,training
img_00340.png,1.8,2.8,2.4,1,2.2,training
img_00341.png,1.2,2,4.6,3.2,2.2,training
img_00342.png,3.6,3.4,4,3.2,4.8,training
img_00343.png,2,2.2,3,2.2,2.6,training
img_00344.png,3.6,3.8,3.2,3.4,4,training
img_00345.png,1.6,1.8,3.8,2.6,1.6,training
img_00346.png,3.8,3.6,4.8,4.6,4,training
img_00347.png,3.4,2.8,2.8,1.8,2.8,training
img_00348.png,4.2,4,3.2,3.4,3.6,training
img_00349.png,4,2.4,3,2.4,2.2,training
img_00350.png,2.6,2,4.4,1.6,1.6,validation
img_00351.png,1.6,2.8,3,2.4,2.2,training
img_00352.png,3.8,4.2,4.2,3.6,3.2,training
img_00353.png,3.2,3.2,4.6,3.6,3.4,training
img_00354.png,4.2,3.8,3.2,3.2,2,training
img_00355.png,1,1.8,3.6,1.8,1.8,training
img_00356.png,5,4.4,4.4,4,4,training
img_00357.png,2.2,2.2,2.2,2.6,4.8,training
img_00358.png,4.4,3,4.4,4.4,3.4,training
img_00359.png,5,3.4,3.8,3.4,3.4,training
img_00360.png,1.4,2.2,4.2,2,2.8,training
img_00361.png,3.4,3.8,4.8,2.8,3.6,training
img_00362.png,4.4,4.6,2.6,2.8,2.4,training
img_00363.png,4.2,4.2,3.4,2.8,4.2,training
img_00364.png,2,4.2,4.6,2.6,3.4,training
img_00365.png,4.6,4.4,4.8,4.2,3.6,training
img_00366.png,1.6,2.4,3.2,2.6,2.2,training
img_00367.png,4.2,1,3.6,2.8,1,training
img_00368.png,2,2.2,3.4,4.2,1.6,training
img_00369.png,4,4,3.8,4.2,3.2,training
img_00370.png,4.4,1.4,2.6,4,3,training
img_00371.png,2.4,1.6,4.4,3.6,3.6,training
img_00372.png,4,4,4.6,4.8,3,training
img_00373.png,4.2,1.4,2.8,1.6,1.4,training
img_00374.png,4.2,4.6,3.8,2.8,4,training
img_00375.png,3.4,2.4,4.6,4.2,2.8,training
img_00376.png,4.6,2.6,3.4,3.4,2.2,training
img_00377.png,1,2.6,4.2,3.2,3.8,training
img_00378.png,1.4,3,2.6,1.2,2.6,training
img_00379.png,1.6,3.2,5,2.6,2.2,training
img_00380.png,4.2,4,4.4,4.8,3.6,training
img_00381.png,1,2.8,2,2.2,1.8,training
img_00382.png,4,2.4,3.2,2,2.2,training
img_00383.png,1.2,2.4,4.4,2.2,2.8,training
img_00384.png,5,1.2,2.4,2.8,1,training
img_00385.png,5,3.8,4.2,5,3.6,training
img_00386.png,4.6,3,4.2,3.8,1.4,training
img_00387.png,4.8,3.6,2.6,4.2,3.4,training
img_00388.png,4.8,5,4.4,5,3.6,training
img_00389.png,4.2,2,2.4,3.2,2.6,training
img_00390.png,3.6,1.2,3.4,2.4,1,training
img_00391.png,2.6,3.4,2.8,3,4,training
img_00392.png,1.4,2.2,3.2,2.4,2.4,training
img_00393.png,4.8,4.2,3.6,4.6,3,training
img_00394.png,1.6,2,4.4,2.2,2.2,training
img_00395.png,1.2,2.8,4.4,3.8,2.2,training
img_00396.png,2.6,2.6,3.2,1,1.6,training
img_00397.png,3.6,4,2.6,1.4,2.2,training
img_00398.png,1,1.4,1.2,1.6,2.4,training
img_00399.png,1.6,4.2,4.6,3,4,training
img_00400.png,1.8,2,4.8,3,2.6,validation
img_00401.png,4.4,4.6,4,2.4,3.4,training
img_00402.png,1.4,2,3.8,4,2.4,training
img_00403.png,5,4.4,3.4,4.6,3.2,training
img_00404.png,1.6,2,4.6,2.6,2.6,training
img_00405.png,1,1.4,2.8,1,2.2,training
img_00406.png,1.8,2.4,4.8,2.6,1.8,training
img_00407.png,3.6,4.4,4.4,4,2.4,training
img_00408.png,4.2,3.6,4.2,3.6,3.6,training
img_00409.png,3.6,3.4,4,4.2,3.2,training
img_00410.png,4,1.2,2,2,3,training
img_00411.png,1.4,2.6,4.6,2.6,1.4,training
img_00412.png,4.4,4,4.2,4.2,4.4,training
img_00413.png,3.6,2.6,3.6,3,2.8,training
img_00414.png,4.2,3.4,4,3.8,3.4,training
img_00415.png,4.8,3.8,2.8,3.2,4,training
img_00416.png,4.6,4.6,4.2,4,4,training
img_00417.png,2.2,2.4,3,2.6,1.6,training
img_00418.png,1.8,1.8,2.8,3.4,1.4,training
img_00419.png,3.4,3.4,4.4,3.4,4.2,training
img_00420.png,4,3.4,3,3.2,1.4,training
img_00421.png,4.2,4.2,4.8,3.2,2.6,training
img_00422.png,4,4.8,2.4,3.4,4.6,training
img_00423.png,3.8,2.6,5,3.8,2.6,training
img_00424.png,1.2,2.8,3,1.6,3,training
img_00425.png,1.4,2,2.4,1.8,1.2,training
img_00426.png,2.2,3.2,1.8,2.4,2.4,training
img_00427.png,3.6,4.8,2,1.4,3.4,training
img_00428.png,4.2,3.6,3.6,4.8,3.2,training
img_00429.png,1,2.2,4.2,2.2,2.8,training
img_00430.png,4.6,3.2,4.4,4.2,3,training
img_00431.png,3.8,3.6,4.6,3.2,3.4,training
img_00432.png,3.6,2.2,3,3.2,2,training
img_00433.png,4.6,4,4,2.6,3.6,training
img_00434.png,4.4,3.8,3.6,3.2,3.4,training
img_00435.png,4.6,2.8,2.8,3.4,4.8,training
img_00436.png,4.6,3.4,4.2,4.8,2,training
img_00437.png,1.4,1.6,2.4,2,2.6,training
img_00438.png,1.4,2,3.2,1.8,3,training
img_00439.png,3.6,4.4,4.2,3.4,2.8,training
img_00440.png,4,1.4,3.2,3.6,2.2,training
img_00441.png,3.8,4,3.6,3.4,3.4,training
img_00442.png,1.8,3.2,3.8,2.4,4,training
img_00443.png,1,2.8,5,3.2,2.4,training
img_00444.png,2,3,4.8,2.2,2.6,training
img_00445.png,3.8,2.6,4,3.6,4,training
img_00446.png,1,3,2.2,1.6,1.4,training
img_00447.png,1.4,2.2,4.4,3,1.8,training
img_00448.png,4,4.6,4,4.8,2.2,training
img_00449.png,1.2,1.6,3.8,1.8,1.4,training
img_00450.png,4.6,4.2,4.2,3.6,4,validation
img_00451.png,4.6,4.8,4,3.4,2.8,training
img_00452.png,4.6,3.8,2.4,1.6,3.4,training
img_00453.png,4.8,3.8,4.8,3.4,3.8,training
img_00454.png,4.6,3.6,4.2,3.6,3.6,training
img_00455.png,4.6,3,2,4,3.2,training
img_00456.png,1.2,2,1.8,1.2,2.4,training
img_00457.png,4.6,3,3.4,2,1.6,training
img_00458.png,4.6,1.6,3.6,3.8,3.8,training
img_00459.png,2.2,3.6,3.6,2.8,3.4,training
img_00460.png,2.6,2,3.2,1.8,3,training
img_00461.png,4.4,3,3.2,4.4,4.2,training
img_00462.png,4,2.6,4.8,3.8,2.2,training
img_00463.png,1.8,3.2,3.6,2.2,3,training
img_00464.png,3.8,2.4,3.6,2,2.6,training
img_00465.png,4.4,4,3.4,4.8,3.4,training
img_00466.png,1,1.4,2,1,2,training
img_00467.png,5,2.4,2.6,4.2,2.8,training
img_00468.png,2,1.6,3.4,1.2,2.6,training
img_00469.png,4.8,1.8,4,4.6,3.4,training
img_00470.png,1,3.2,3,2.2,1.4,training
img_00471.png,4.8,3.2,2.8,1.4,2.8,training
img_00472.png,3.8,3.4,4.2,3.6,2.4,training
img_00473.png,4,4.8,2.2,3.8,3,training
img_00474.png,5,4.2,3.8,2.8,3.4,training
img_00475.png,1,1.8,3.6,2.6,2.4,training
img_00476.png,4.6,4.4,4.4,4.2,4,training
img_00477.png,1.6,2.8,3.4,2.2,1.6,training
img_00478.png,4.8,4.8,4.4,4.6,3.4,training
img_00479.png,1.2,2,3,2.4,2.4,training
img_00480.png,4.6,4,4.6,3.8,3.6,training
img_00481.png,5,4.6,4.8,4.2,4.6,training
img_00482.png,2.8,3.8,2.6,1.2,1.6,training
img_00483.png,1,2,2.4,1.2,1.6,training
img_00484.png,3.8,2,3,3.6,2.4,training
img_00485.png,4,4.6,2.6,3.8,2.8,training
img_00486.png,1,4.2,3.4,2.6,2.2,training
img_00487.png,4.6,4,3.6,4.4,2.4,training
img_00488.png,1.4,3,4.8,2.6,1.4,training
img_00489.png,4.8,4.2,4.6,4.6,3.6,training
img_00490.png,1.6,3.2,3.8,1.8,3,training
img_00491.png,2.4,2.8,4.8,4.2,3.2,training
img_00492.png,1,2.4,2.8,2.2,2,training
img_00493.png,3.4,1.4,3.2,2,2.4,training
img_00494.png,3.6,2,2.6,2.4,3,training
img_00495.png,4.2,3.4,4.8,5,2,training
img_00496.png,4.8,3.2,4.2,4.4,4.8,training
img_00497.png,3.8,2,3.2,2.2,3,training
img_00498.png,5,4.4,4,4.8,3,training
img_00499.png,1.8,2.6,2.6,1.8,3.8,training
img_00500.png,4.8,2.6,2.8,1.6,2.4,validation
img_00501.png,1,2.8,3.8,1.2,1.8,training
img_00502.png,4.6,3.6,4.4,3.8,3,training
img_00503.png,2,2.8,3.6,2.6,3.8,training
img_00504.png,2.4,2,3,2.6,1.8,training
img_00505.png,1,2.6,1.2,1.6,1.6,training
img_00506.png,1.4,2.4,2.8,2.4,2.4,training
img_00507.png,2.6,2.2,4.6,3.4,1.2,training
img_00508.png,2,2.8,2.4,2,3,training
img_00509.png,2,2.2,4,2.2,2.6,training
img_00510.png,4.4,2,3.6,4.4,3.2,training
img_00511.png,1.2,2.2,4.6,3.4,2.8,training
img_00512.png,2,2.8,2.2,2,2.4,training
img_00513.png,5,2.6,3,4.8,4,training
img_00514.png,2.8,1.6,2.8,1.2,1.8,training
img_00515.png,1.6,3,4.8,2.4,2.4,training
img_00516.png,4.6,3.2,3.8,3.8,2.8,training
img_00517.png,4.4,1.2,3.6,3,1.6,training
img_00518.png,1.2,2.2,4.6,3.4,2.6,training
img_00519.png,2.8,1.4,1.4,1.8,2.2,training
img_00520.png,4.2,3.6,4,3.2,3.2,training
img_00521.png,4.2,3.4,3.4,2.6,3,training
img_00522.png,2.4,2.8,3.2,3.4,3,training
img_00523.png,5,4.8,2.4,3.8,2.2,training
img_00524.png,2,1.2,2.6,3.6,3.6,training
img_00525.png,4.6,1.4,4,4.6,4.2,training
img_00526.png,1,3,5,2.2,2.8,training
img_00527.png,3.8,4,3.8,4.8,3.6,training
img_00528.png,4.6,2.4,3.6,4,2,training
img_00529.png,3.8,3.8,4.8,4.4,2.8,training
img_00530.png,5,2.6,2.8,3.8,3.4,training
img_00531.png,1,1.4,3.2,1.8,1.6,training
img_00532.png,4.8,4.4,4.8,3.6,3.8,training
img_00533.png,2.2,3,3,2.2,1.4,training
img_00534.png,3.6,4.6,4.2,4.2,2.8,training
img_00535.png,5,2,4.2,3,2,training
img_00536.png,3.6,2.4,3.8,3.2,4,training
img_00537.png,1.6,3,3.2,3.2,2.2,training
img_00538.png,2.4,3.2,3.6,3.2,2.6,training
img_00539.png,2.6,2.2,2.4,2.4,2.8,training
img_00540.png,1.4,1.6,2.4,1.6,1.4,training
img_00541.png,3.4,3.8,3,3.2,2,training
img_00542.png,4.8,4.2,4,4.8,4,training
img_00543.png,3.4,1.6,4,1.8,1,training
img_00544.png,3.4,4.2,4.4,4,3.2,training
img_00545.png,2.8,2.2,3.2,4,2.6,training
img_00546.png,1.8,2,4.8,2.8,3.2,training
img_00547.png,1,2.6,3.4,2.4,2.4,training
img_00548.png,1.2,1.4,3,2,1.2,training
img_00549.png,2.8,2,2.4,3.4,3.4,training
img_00550.png,3,4.2,4,2.4,3,validation
img_00551.png,1.2,2,4,3.6,1.6,training
img_00552.png,4.4,4.4,3.4,4.2,4,training
img_00553.png,1,2.4,2.2,1.8,1.8,training
img_00554.png,1,2.6,3.8,3.6,2.6,training
img_00555.png,4.6,2.6,3.8,3.2,3.6,training
img_00556.png,2,1.4,4.2,2.6,2,training
img_00557.png,4,4.8,2.4,3.4,3.4,training
img_00558.png,4.6,3.2,3.2,3.8,4.2,training
img_00559.png,5,4.8,4.4,4.4,2.8,training
img_00560.png,1.2,1.8,2.2,1.8,2.6,training
img_00561.png,4.2,4.4,4,5,3.4,training
img_00562.png,1,1.6,3.8,2,2.8,training
img_00563.png,4,4.6,2.8,3.4,2.8,training
img_00564.png,3.8,1.6,4.4,4,2.2,training
img_00565.png,4.2,3,4.4,3.6,3.8,training
img_00566.png,4.8,4.2,4.2,4.4,2.6,training
img_00567.png,1,1.6,3.6,3.6,2.4,training
img_00568.png,3,3.8,3.2,2.4,1.8,training
img_00569.png,3.6,2.8,4,3.6,3.2,training
img_00570.png,1,2.4,2.6,2.6,3,training
img_00571.png,4.4,4.6,3.4,4,3,training
img_00572.png,1.6,2.6,3.8,2.4,3,training
img_00573.png,4.4,4.6,3.8,4,3.2,training
img_00574.png,1.6,4,4.6,3.4,4.2,training
img_00575.png,1,1.2,2.8,1,1.6,training
img_00576.png,2.6,2.2,2.8,2.8,1.2,training
img_00577.png,2.4,3.6,3.4,2.6,2.2,training
img_00578.png,3.8,3.4,4,4.6,3.6,training
img_00579.png,4.2,4.8,4.6,4.2,3.8,training
img_00580.png,1.4,2,3.8,1.8,1.2,training
img_00581.png,2,2.4,2.8,1.4,2,training
img_00582.png,4.6,3,4.6,5,3.4,training
img_00583.png,1.2,3.2,2.4,2,2.4,training
img_00584.png,2.2,2,4.4,3,3.4,training
img_00585.png,1.6,2.2,4.4,2,2,training
img_00586.png,2.4,3.2,1.8,2.8,2,training
img_00587.png,1.4,2.4,3.2,2,1,training
img_00588.png,5,2.6,3.8,4.4,3.6,training
img_00589.png,4.4,4.4,4.2,5,3.4,training
img_00590.png,3.4,3.2,2.6,3.4,4.8,training
img_00591.png,2.6,3.2,4.4,3,3.8,training
img_00592.png,3,2,3.6,2.6,4,training
img_00593.png,3.6,1.4,3,3.4,4.2,training
img_00594.png,3.8,3.2,3.2,2.4,2,training
img_00595.png,1,2.4,4.8,1.8,1,training
img_00596.png,4.8,3.6,4.4,4.6,4.4,training
img_00597.png,1.8,3,4.2,1.8,2.2,training
img_00598.png,4.4,3.6,3.8,3.2,2.2,training
img_00599.png,2,2.8,4,2,1.8,training
img_00600.png,4.2,2.6,4.8,3.6,1.6,validation
img_00601.png,2.4,2.2,3.4,3,2.6,training
img_00602.png,1,3.8,4.8,2.8,3.8,training
img_00603.png,4.4,4.2,4.6,3.8,3.6,training
img_00604.png,3.6,1.8,4.2,3.6,2.6,training
img_00605.png,4.6,2.6,2,3.8,4,training
img_00606.png,4.4,5,4.4,4.4,3.2,training
img_00607.png,1,1.6,2.4,1.8,1.4,training
img_00608.png,4.4,2.8,2.4,1,3.4,training
img_00609.png,3.4,4,3.6,3.4,3,training
img_00610.png,5,4.4,4.8,4.8,3.6,training
img_00611.png,4.2,2.6,4,4.4,3.6,training
img_00612.png,4.8,3.8,3.2,3.2,3,training
img_00613.png,4,2.6,3.6,4.8,4,training
img_00614.png,1,3.2,3.8,1.6,2.4,training
img_00615.png,3.8,3.6,1.8,4.2,2.4,training
img_00616.png,2,2.4,2.6,2.2,3.2,training
img_00617.png,4.2,2.8,4.8,4.2,4,training
img_00618.png,3.4,2,2.2,3.2,2.8,training
img_00619.png,4.2,3.6,3,3.2,2.8,training
img_00620.png,3.4,3.2,3.6,2,2.2,training
img_00621.png,3.4,2.8,3.8,3,3.6,training
img_00622.png,3.8,3,2.2,1.8,1.4,training
img_00623.png,4.2,4.2,3.4,2.6,2.8,training
img_00624.png,4.4,2.8,2.4,2,2.4,training
img_00625.png,4.8,1.6,3.6,4.8,4,training
img_00626.png,4.4,3.8,4,4,3.6,training
img_00627.png,3.6,3.4,4.4,3.8,3,training
img_00628.png,4.6,3,5,5,2.2,training
img_00629.png,3.8,1.4,3.6,1.8,1,training
img_00630.png,2,2,3.6,2.8,2.2,training
img_00631.png,4.6,4.2,5,4.4,3.8,training
img_00632.png,4.8,4.2,3.6,3.2,2.6,training
img_00633.png,4,3.2,3.6,2,3,training
img_00634.png,4.6,2.8,4,4,2.8,training
img_00635.png,4.2,3,3.2,3.8,2,training
img_00636.png,4,3,3.6,4.6,3,training
img_00637.png,4.4,4,3.4,4.8,3,training
img_00638.png,4.2,4,3.4,2.8,3.6,training
img_00639.png,1,2.8,4.8,3.2,2.8,training
img_00640.png,1.6,1.8,3.2,2.6,2.2,training
img_00641.png,4.6,3.4,4.8,4.6,4,training
img_00642.png,1.8,1.6,2.6,2.2,2,training
img_00643.png,3.4,3.8,2.6,3,2.4,training
img_00644.png,2.8,2.4,2.4,2.4,1.6,training
img_00645.png,3.8,4,3.6,3,2.6,training
img_00646.png,3.8,3.6,4.4,3.4,2.6,training
img_00647.png,4,4,3.2,3.6,3.2,training
img_00648.png,1.6,2.2,3,1.8,2,training
img_00649.png,3,3.6,3.4,2.6,4.2,training
img_00650.png,3,1,1.8,1.2,1.2,validation
img_00651.png,1.8,2.4,3,1.4,1.6,training
img_00652.png,1.2,2.8,3.6,2.4,2,training
img_00653.png,1.6,2.4,3.8,2.8,3.2,training
img_00654.png,4.8,2.8,4,4.2,2.6,training
img_00655.png,4.6,4.4,3,4.4,3.6,training
img_00656.png,4,3.6,3.8,4,3.2,training
img_00657.png,3,3.4,3.8,4.2,3.2,training
img_00658.png,4,4.2,4.6,4.4,2.6,training
img_00659.png,3.6,3.2,3.6,1.6,2.6,training
img_00660.png,1.6,1.4,1.8,1,1.8,training
img_00661.png,3.8,4,4.4,3.4,2.4,training
img_00662.png,5,4.4,2.8,2.8,4.2,training
img_00663.png,3.6,4.4,5,3.2,3.4,training
img_00664.png,1.2,2.4,4,2.8,2.4,training
img_00665.png,3,3.2,3.2,4.2,3,training
img_00666.png,1.8,3,2.6,2.8,2.4,training
img_00667.png,1,2.2,3.4,2,1.2,training
img_00668.png,2,3.6,2.8,4.2,4.2,training
img_00669.png,5,4.4,2.2,2.8,2.6,training
img_00670.png,4.8,4,4.4,4.6,4,training
img_00671.png,2.2,3.2,4.2,2.4,2.4,training
img_00672.png,4.6,2.6,3.4,2.8,1.8,training
img_00673.png,3.6,3.6,3.6,3.6,1.6,training
img_00674.png,4.4,4,4.2,3.4,3.6,training
img_00675.png,3.8,2.4,3,3,2.6,training
img_00676.png,5,4.2,3.8,3.8,2.8,training
img_00677.png,5,3,4.6,3.8,5,training
img_00678.png,2.6,2.2,3,2.6,1.8,training
img_00679.png,1.2,3,3.8,3.2,2.4,training
img_00680.png,2.2,2.2,4.6,3,3.4,training
img_00681.png,4.2,3,4.8,4.2,2.8,training
img_00682.png,1.8,1.6,2.2,2.2,1.8,training
img_00683.png,1.4,2.8,3.6,1.6,1.6,training
img_00684.png,4,3.6,4,4.2,3.4,training
img_00685.png,3.8,4.4,4.6,4.6,3.4,training
img_00686.png,4.2,1,3.4,3.4,1.6,training
img_00687.png,4.6,2.4,1.6,1.6,2.8,training
img_00688.png,1.4,2,2.4,2.8,1.4,training
img_00689.png,1.2,2.8,4.6,2.6,3,training
img_00690.png,1.8,2.4,2.8,2.8,1.6,training
img_00691.png,1,3,4.4,2.8,2,training
img_00692.png,4.6,3.4,4,4.8,2.6,training
img_00693.png,4.4,3.2,3,4,2.8,training
img_00694.png,1.2,1.6,3.6,2.2,2.2,training
img_00695.png,1.6,3,4,3.4,2.4,training
img_00696.png,3.4,2.8,4,4.2,3.4,training
img_00697.png,5,3.6,1.8,2.6,2.4,training
img_00698.png,2.4,2.2,3.6,3.8,2.2,training
img_00699.png,5,5,2.8,2.2,2.2,training
img_00700.png,3,2.4,4.6,3.6,2,validation
img_00701.png,2.4,2.4,3,2.8,2.2,training
img_00702.png,1.6,2.2,2.6,1.8,3.6,training
img_00703.png,4.4,4.4,4.2,5,3.6,training
img_00704.png,4,4.2,3.8,2.8,3,training
img_00705.png,4.6,2.6,3,4.6,4.8,training
img_00706.png,1.8,2.6,2.4,1.8,2.6,training
img_00707.png,2,1.6,2.6,2.8,2,training
img_00708.png,2.8,1.4,3.4,1.6,1.4,training
img_00709.png,2.6,3.8,3.6,3,1.8,training
img_00710.png,4.6,2.6,2.6,3.2,2.6,training
img_00711.png,3,3.2,3.4,1.8,2.8,training
img_00712.png,4.8,3.4,4.2,3.4,1.4,training
img_00713.png,1.6,2.4,3.6,3,3.2,training
img_00714.png,2.2,1.8,3.6,3.4,2,training
img_00715.png,2.2,3.6,2.2,1.4,1.8,training
img_00716.png,4.4,3.8,3.6,4.8,3.4,training
img_00717.png,2.4,4,2,3.2,3.8,training
img_00718.png,4.8,3.4,2.6,3,2.4,training
img_00719.png,3.6,3.8,3.2,2.2,2.2,training
img_00720.png,4.6,3,3,1.2,1.8,training
img_00721.png,1.8,2.6,2.8,4.2,2.6,training
img_00722.png,1.4,2.8,3,3.4,1.8,training
img_00723.png,2.6,2.6,1.6,2.2,2,training
img_00724.png,4.2,3.6,3.6,3.4,3.4,training
img_00725.png,2.8,2.2,4.4,4,3.2,training
img_00726.png,1.6,2,3.2,2,2.4,training
img_00727.png,4.2,2.8,4.8,3,3,training
img_00728.png,1.8,3,4.4,2.8,4.6,training
img_00729.png,4,2.6,3,3.6,2.2,training
img_00730.png,4.2,3.8,3.4,4.4,3.8,training
img_00731.png,3.8,4.4,3.6,3.4,3.8,training
img_00732.png,1.4,2.4,3.8,3.8,2.4,training
img_00733.png,4.6,2.4,2.8,1.8,1.4,training
img_00734.png,1,1.6,3.2,2.8,2,training
img_00735.png,3,3.2,3.4,3.2,2.6,training
img_00736.png,2,1.2,3.4,1.8,2.2,training
img_00737.png,4.6,4,3.8,2.6,2,training
img_00738.png,1.2,2.8,3.6,3,2.6,training
img_00739.png,4.8,3.4,4,2.2,2,training
img_00740.png,1.8,1.4,2,1.4,2.6,training
img_00741.png,3.6,4.6,2.6,1.4,3,training
img_00742.png,4.4,4.4,3.6,4.2,4.6,training
img_00743.png,4.2,2.6,3.8,4.6,2.4,training
img_00744.png,4.6,1,2.2,2.4,1.4,training
img_00745.png,3.8,3,3.8,3.8,2.4,training
img_00746.png,1.6,2.4,4.2,3.2,1.6,training
img_00747.png,2,2.8,3.8,3,1.8,training
img_00748.png,3.8,4,3.6,4,3,training
img_00749.png,3.4,2.2,4.2,3.6,2.6,training
img_00750.png,3.4,2.8,4.4,4.8,3,validation
img_00751.png,4.2,3.4,4.8,5,3.8,training
img_00752.png,3.8,4.6,4,4,3.2,training
img_00753.png,1.4,2.2,3,1.4,3,training
img_00754.png,3.8,4.4,2.4,2.4,3.8,training
img_00755.png,4.8,3.6,3,4.4,2.8,training
img_00756.png,3.2,2.4,2.4,2.8,1.6,training
img_00757.png,1,2.4,2.4,1.6,1.6,training
img_00758.png,2.8,3.6,4.4,2.6,3,training
img_00759.png,4.8,1.6,2,2.2,4,training
img_00760.png,1.4,2.2,2.4,2.4,1.2,training
img_00761.png,2.2,1,4,3,2,training
img_00762.png,2,2.2,3.2,1.2,1,training
img_00763.png,1.8,2.6,3.6,2.4,2.8,training
img_00764.png,5,3.8,3.4,3,3.8,training
img_00765.png,3.8,2.4,2,3,2.6,training
img_00766.png,4,3.8,4.8,5,3.8,training
img_00767.png,1.6,2.2,4.6,3.4,1.8,training
img_00768.png,2.4,1.2,2.8,2.2,1,training
img_00769.png,4.8,2.8,3.6,4.4,2,training
img_00770.png,1.2,1.4,4,2,2.2,training
img_00771.png,3.2,2,2.4,3.4,1.8,training
img_00772.png,4.2,1.8,3.4,3.4,3.6,training
img_00773.png,3.6,3.6,2.8,3.4,2.4,training
img_00774.png,1.8,1.8,2.8,1.6,1.4,training
img_00775.png,4.4,2.8,2.6,1.8,1.4,training
img_00776.png,1.4,3.8,3,2.2,3,training
img_00777.png,4.8,4,2.8,3.4,4.4,training
img_00778.png,4.6,3.6,3.2,2.4,3.8,training
img_00779.png,2.6,2.6,4.2,4.6,2.6,training
img_00780.png,2.4,2.2,4.6,4.2,1.4,training
img_00781.png,3.8,4,3.6,4.4,3.4,training
img_00782.png,4.2,3.4,3,1.2,2.8,training
img_00783.png,4.6,3.8,2.6,3.6,3,training
img_00784.png,4.2,2.2,4.2,3.6,3.4,training
img_00785.png,5,3.2,3.6,4,3.2,training
img_00786.png,1.8,1.2,3.6,3.2,1.2,training
img_00787.png,5,2.8,4,3.2,2.4,training
img_00788.png,4,2.6,3.8,3.6,3.6,training
img_00789.png,4.6,4.4,3.4,3.6,2,training
img_00790.png,3.4,3.4,3.8,4.6,2.8,training
img_00791.png,3,1.4,2.6,2.6,2.4,training
img_00792.png,3.8,3.4,4.8,5,4.2,training
img_00793.png,5,4.4,2.2,5,2.8,training
img_00794.png,4.2,2.8,2.4,3.2,3,training
img_00795.png,4.8,4.4,4,3.4,3.8,training
img_00796.png,3.8,2.2,4.2,3.6,2.6,training
img_00797.png,5,1,2.2,3,1.6,training
img_00798.png,2.8,1.4,2.6,2.8,2.2,training
img_00799.png,3.2,2.6,3.4,3.2,3.6,training
img_00800.png,2.8,2.4,3.4,3.2,3,validation
img_00801.png,4.2,3.4,4.8,4,4,training
img_00802.png,1.4,1.2,2.6,1.4,2.4,training
img_00803.png,4.8,3.2,4.6,3.4,2.6,training
img_00804.png,4.2,4.4,4.4,5,3.2,training
img_00805.png,4.8,4.2,3,4.2,2.8,training
img_00806.png,4.4,3.8,3.2,3.2,1.8,training
img_00807.png,4.2,4,3.2,3,2.8,training
img_00808.png,3.6,4.4,3.4,3,2.8,training
img_00809.png,4,3.6,3,2.4,3.8,training
img_00810.png,1.2,3.2,2,1,1.4,training
img_00811.png,3.8,1.4,2.2,3.6,2,training
img_00812.png,3.6,2.4,2.4,2.2,4.4,training
img_00813.png,3.6,4.4,4.6,3.2,3.8,training
img_00814.png,4.8,1.8,2.4,2.8,2,training
img_00815.png,4.8,4.6,3.2,3.2,3,training
img_00816.png,4.2,1.2,2.8,2,1,training
img_00817.png,4.8,4.4,3.4,4,2.8,training
img_00818.png,4.4,4.2,2,2.2,3,training
img_00819.png,4.6,3.2,4,4.6,2.2,training
img_00820.png,2.6,3.6,3.6,3.4,2.4,training
img_00821.png,2.8,2.8,2.8,2.6,1.2,training
img_00822.png,4,3.2,1.8,3.4,2.8,training
img_00823.png,4.6,4.4,3.2,4.4,2.6,training
img_00824.png,2,3.4,3.8,2,2.8,training
img_00825.png,3.8,5,3.4,4.2,3.6,training
img_00826.png,3,2.8,2.2,3,2.8,training
img_00827.png,4.6,4.4,4.8,4.2,3.4,training
img_00828.png,2.2,1.6,2.4,1,2.2,training
img_00829.png,1.4,1.8,2.6,1.6,2,training
img_00830.png,2,2.4,4.6,3.2,2.2,training
img_00831.png,2,1.2,1.8,1.6,1,training
img_00832.png,4.2,2.2,4,5,3,training
img_00833.png,3.8,2.4,4.2,3.6,2.6,training
img_00834.png,4.6,3,4.4,4.8,2.2,training
img_00835.png,2.4,3.8,3.2,2.8,3.4,training
img_00836.png,3.8,4.6,2.4,3.6,3.2,training
img_00837.png,1.4,2.2,4,4.2,2,training
img_00838.png,4.4,4.6,3,4.2,2.2,training
img_00839.png,1.8,2,4.2,3.2,2.4,training
img_00840.png,4.8,4.2,3.8,2,2.4,training
img_00841.png,3,2.6,3.6,3.4,3,training
img_00842.png,5,3.8,3.8,4.2,1.8,training
img_00843.png,3.8,4.8,4,4.2,3.6,training
img_00844.png,4,4,3.6,5,1.8,training
img_00845.png,4.6,3.6,4.6,4.4,1.8,training
img_00846.png,4.4,4.2,4.4,4.6,3.2,training
img_00847.png,4.4,2.6,2.6,3,3,training
img_00848.png,3.6,3.6,4.2,3.8,3,training
img_00849.png,4.2,3,3.6,3.2,2.6,training
img_00850.png,4,3,4.2,2.8,2.6,validation
img_00851.png,1.8,2.2,4,3.4,2.4,training
img_00852.png,1,2,3,2.8,2,training
img_00853.png,2.4,2.6,4.6,3.4,3,training
img_00854.png,4.6,4.6,3.2,4,1.6,training
img_00855.png,1.2,1.2,4.2,3,2.2,training
img_00856.png,1.4,3.2,3.8,2.2,3.2,training
img_00857.png,4,3.6,4,4,2.2,training
img_00858.png,2.8,3.6,3.2,3,3,training
img_00859.png,1.4,2.2,4.6,2.8,2,training
img_00860.png,1,2.4,3.2,1.6,1.4,training
img_00861.png,1.4,4,4.8,3.6,3.4,training
img_00862.png,4,3.4,1.6,1,3,training
img_00863.png,5,3.8,4.4,4.8,2.4,training
img_00864.png,2,1.8,2.8,2.8,2.2,training
img_00865.png,4,3,3.4,3.2,2.8,training
img_00866.png,4.2,4,3.8,4.4,4.8,training
img_00867.png,4.4,2.8,4.6,3.4,3.4,training
img_00868.png,2,2.2,4.4,2.6,2,training
img_00869.png,4.2,4.4,4.6,4,3.6,training
img_00870.png,4.6,3.6,3.4,4.2,3.2,training
img_00871.png,2.6,2.8,4.4,2,3.4,training
img_00872.png,3.8,3.6,3.4,3.8,3.8,training
img_00873.png,4,4.2,3.4,3.2,3.6,training
img_00874.png,2.6,2.2,3.4,2.6,2.8,training
img_00875.png,3.4,2.4,2.6,2.8,2.4,training
img_00876.png,3.8,3.8,3.2,4.2,2.2,training
img_00877.png,4,2.2,2.8,3.4,3.2,training
img_00878.png,4.8,3.8,2,2.8,3.6,training
img_00879.png,3.6,3.8,4,3.2,2.8,training
img_00880.png,4.2,3.2,3.8,2.8,2,training
img_00881.png,4,3.4,4,4.6,1.6,training
img_00882.png,3.6,2.2,4.2,3.8,2,training
img_00883.png,4.4,2,2.2,2.8,2.4,training
img_00884.png,1.2,1.6,4,3.6,1.8,training
img_00885.png,3.4,3.8,4.2,3,3,training
img_00886.png,4.2,4,4.8,5,3,training
img_00887.png,4.2,5,4.8,3.6,3.6,training
img_00888.png,4,3.2,4.4,3.4,4,training
img_00889.png,2.6,2.4,2.6,4.2,2.4,training
img_00890.png,1.8,2.4,4.6,3,1.6,training
img_00891.png,4,4.2,3,3,1.8,training
img_00892.png,4.2,4.2,2.4,2.6,3.6,training
img_00893.png,3.6,3.4,4,3,2.8,training
img_00894.png,3.8,3.8,2,2.8,3,training
img_00895.png,1.4,2.8,4.2,2.8,2.6,training
img_00896.png,4.6,3.6,4.6,4.2,3.4,training
img_00897.png,3.4,2.8,4.2,3.4,2.2,training
img_00898.png,4.6,2.8,3.6,1.8,3,training
img_00899.png,4.2,2.6,2.6,2.4,3,training
img_00900.png,4.2,2.4,3.2,3.8,1.8,validation
img_00901.png,4.6,3.6,3,5,3.8,training
img_00902.png,4.2,2.8,4.6,4.2,3.2,training
img_00903.png,1.6,2.8,3.2,3,2,training
img_00904.png,4.2,2.4,3.4,3,3,training
img_00905.png,4.4,4.6,3.6,4,2.6,training
img_00906.png,1.8,2.8,4.2,2.6,3.6,training
img_00907.png,4.8,4.6,4,3.8,3,training
img_00908.png,4.8,3,3.2,3.4,3,training
img_00909.png,1,2.4,2.6,1.4,1.6,training
img_00910.png,4.8,4.2,4,4,3,training
img_00911.png,4.6,3.6,2.2,2,2.6,training
img_00912.png,3,3.6,2.6,1.8,3,training
img_00913.png,4.4,3.8,3.2,4.2,2.8,training
img_00914.png,4.8,3.8,4.8,5,2.4,training
img_00915.png,4.4,3.2,3.4,4.8,3.4,training
img_00916.png,1.8,2.2,4,2.8,1.8,training
img_00917.png,5,4.4,3.6,4.4,2.2,training
img_00918.png,3.6,4.8,2.8,1.8,3,training
img_00919.png,3.4,3,3.8,3,4.2,training
img_00920.png,1.4,3.4,3,2.6,2.2,training
img_00921.png,4,3,4.2,4,1.6,training
img_00922.png,3.4,2.6,3.6,2.6,2.4,training
img_00923.png,1.8,1.8,3.6,2.6,1.6,training
img_00924.png,1.4,2.6,5,3.6,2,training
img_00925.png,4.8,1,4.2,2,1.2,training
img_00926.png,4.2,5,4,4.8,2.2,training
img_00927.png,5,1.2,2.4,4.2,1.8,training
img_00928.png,3.6,3.2,3,3.4,1.6,training
img_00929.png,1.4,2.2,4.4,2.2,2.2,training
img_00930.png,4,5,4.6,4.2,2,training
img_00931.png,4.4,3.8,4,3,2.4,training
img_00932.png,4.8,3.2,1.6,2.4,2.2,training
img_00933.png,4.6,4.2,2.6,4.4,3,training
img_00934.png,2.2,2.2,4,4,2,training
img_00935.png,1.6,4,4,4.2,2.4,training
img_00936.png,4.6,2.4,4.4,4.6,2.8,training
img_00937.png,5,4.4,3,3.8,2.8,training
img_00938.png,3.4,3.2,4.6,2.6,3.6,training
img_00939.png,3.8,3.2,4.6,3.8,1.6,training
img_00940.png,4,3,2,3.2,1.8,training
img_00941.png,4.2,4.2,2.8,4.6,3,training
img_00942.png,1.6,3.6,3.4,3,3,training
img_00943.png,4,4.2,4.8,4.6,2.8,training
img_00944.png,4.2,3.6,3.6,4.2,3.2,training
img_00945.png,1,2.4,2.2,1.8,1.4,training
img_00946.png,1.4,3,3,1,3,training
img_00947.png,2.6,3.4,4.6,3.8,2.2,training
img_00948.png,4.8,2.2,3.2,3,2.6,training
img_00949.png,1.6,2,4.2,2.8,2.2,training
img_00950.png,1,2,2.8,2.2,1.6,validation
img_00951.png,1.4,2.6,3.6,3.6,2.4,training
img_00952.png,4.4,2.4,3,4.2,2.2,training
img_00953.png,1.2,2.6,3.8,3,1.4,training
img_00954.png,4.2,1,2.6,2.4,2.6,training
img_00955.png,1.8,2.6,4.2,4,2,training
img_00956.png,5,4.2,4.6,5,3.6,training
img_00957.png,1.4,1.2,2.6,2.8,1.6,training
img_00958.png,3.6,1.4,2,2.8,1,training
img_00959.png,2.2,3.8,4,2.8,3.8,training
img_00960.png,1.2,2.2,4.6,3.4,2.2,training
img_00961.png,1.6,3,2.2,1.2,2.2,training
img_00962.png,4.2,3,3.8,2.6,3,training
img_00963.png,4.2,4,3.8,4,3.6,training
img_00964.png,1,1.8,3.2,2.8,2.6,training
img_00965.png,5,2.8,2.8,4.2,2.6,training
img_00966.png,4.6,4,4.8,4.2,2.6,training
img_00967.png,4.2,4.2,3.6,2.8,3.8,training
img_00968.png,3.6,4.2,5,4.4,3.8,training
img_00969.png,5,3.6,4.4,4.6,2.4,training
img_00970.png,2.8,4.2,4.2,3.2,2.8,training
img_00971.png,4.8,4,3.2,3,1.4,training
img_00972.png,1.2,4,4.8,2.8,2.6,training
img_00973.png,4.4,3.6,3,2.6,1.6,training
img_00974.png,4.2,3.6,4,3.4,2.4,training
img_00975.png,4.2,2.4,3.6,2.4,2.4,training
img_00976.png,3.8,3,4.6,3.2,2.6,training
img_00977.png,3,2.8,3,3.6,3,training
img_00978.png,2.4,5,2,2.8,2.8,training
img_00979.png,4,2,3.4,2.2,3,training
img_00980.png,5,4.2,4.6,4.2,3.2,training
img_00981.png,1.6,2.6,3.2,1.4,2.4,training
img_00982.png,1,1.8,2.6,2.4,2,training
img_00983.png,2.4,3,4.6,4.2,3.8,training
img_00984.png,1.4,2.2,4,2.4,2,training
img_00985.png,4.2,3.4,3.6,2.4,3,training
img_00986.png,1.2,2,2.4,2.2,2.2,training
img_00987.png,1.8,1.8,3.8,2,1.8,training
img_00988.png,1.2,2,4,2.2,2,training
img_00989.png,1.4,2,2.4,2.8,1.2,training
img_00990.png,1.6,2.4,3.4,2.4,2,training
img_00991.png,4.4,4.6,3.2,3.6,4,training
img_00992.png,3,4.2,4.6,3.6,2.6,training
img_00993.png,2.2,3.2,4.6,3.2,2.2,training
img_00994.png,4.6,5,3.6,4,4.2,training
img_00995.png,4,1.6,3.2,2,1.2,training
img_00996.png,4,4.2,4.2,3.6,2.4,training
img_00997.png,1.6,2.6,3.2,2,2.4,training
img_00998.png,4.8,4.4,4,4,2.2,training
img_00999.png,4.4,1,3,2.6,1.6,training
img_01000.png,4.2,3.6,3.2,2.8,3,validation