img_id,absolute_clarity-vs-relative_clarity,closed_form-vs-open_form,linear_style-vs-painterly_style,multiplicity-vs-unity,planar_style-vs-recessional_style
img_01001.png,2.2,3.4,4.8,3.2,2.2
img_01002.png,3.8,3,4.2,2.8,3.4
img_01003.png,4.4,4,4,3.6,3.8
img_01004.png,4.4,4.2,4.4,3.2,4
img_01005.png,1.8,3.4,4.2,3.4,1.6
img_01006.png,4.8,3.6,4.6,4.2,4.2
img_01007.png,3.4,3,4.8,4.2,4
img_01008.png,5,4,4.2,2.8,3.2
img_01009.png,4.2,3.6,5,3.2,2.8
img_01010.png,4.4,3,4.4,3.6,3
img_01011.png,4.8,4,4,4.4,4.6
img_01012.png,4.2,3.8,4,4.4,2.6
img_01013.png,4.6,4,4,3.2,2.4
img_01014.png,3.6,4,4.8,4.6,4
img_01015.png,3.4,3.8,3.6,3.6,3
img_01016.png,4.2,4.4,4.6,4,4.2
img_01017.png,3.4,2.8,3.2,2,2.4
img_01018.png,4.2,3.6,4.4,3.8,5
img_01019.png,4.6,4,4.2,2.8,2.8
img_01020.png,2.6,3,4.2,2.8,3.2
img_01021.png,3.6,4,4.4,3.4,3.2
img_01022.png,3.2,3.2,3.2,3.2,3
img_01023.png,4.2,3.6,4.6,3,4
img_01024.png,5,3,2.6,3.4,2.6
img_01025.png,3.8,3.8,4.4,4.2,3.2
img_01026.png,4,4.4,4.4,4,3.6
img_01027.png,4.2,3.2,4.4,3.4,2.2
img_01028.png,3.6,4.2,4.4,4,4.8
img_01029.png,4.4,4.2,5,3.6,3.6
img_01030.png,4,3,3,3,1.8
img_01031.png,4.6,3.2,3.6,3.6,2.4
img_01032.png,3.8,4.4,4.2,3.8,3.6
img_01033.png,4,3.8,4.2,4.4,4.2
img_01034.png,5,4,4.8,3.8,2.6
img_01035.png,4.2,4,4.2,2.8,1.6
img_01036.png,2.6,2.4,4.2,2,2.6
img_01037.png,2.6,2.2,4,2.6,3.4
img_01038.png,3.6,4,3.2,3.6,2.6
img_01039.png,4.4,3.6,4.2,3.2,3.4
img_01040.png,4,3.4,5,3.2,4.4
img_01041.png,4,3.8,5,4.6,4.2
img_01042.png,3.6,3,3.2,3.2,2
img_01043.png,4.6,4.2,4,3.2,3.2
img_01044.png,3.2,3,4.2,3.8,3.2
img_01045.png,4.2,3.2,4.4,3.2,3.4
img_01046.png,2,3.6,4.6,4.2,3.6
img_01047.png,3.8,3.2,4,2.6,2.4
img_01048.png,3.2,3.6,4.2,2.4,4.2
img_01049.png,3.2,2.8,4.6,3.8,2.6
img_01050.png,4.6,3.8,4.8,3.8,2.8
img_01051.png,4,3.8,4.6,3.4,3.2
img_01052.png,4.2,3.6,4.2,3.2,3.6
img_01053.png,1.4,3.4,3.8,2.6,2
img_01054.png,3.8,3.6,4.2,2.8,4.4
img_01055.png,4.2,4,4,4.2,3.2
img_01056.png,3,3.4,2.4,2.4,1.4
img_01057.png,3.8,3,4.2,1.6,3.2
img_01058.png,2.4,3.6,3.4,1.6,2.8
img_01059.png,4,3.6,3.8,3.8,2.2
img_01060.png,4.6,3.2,4.8,4.4,2.6
img_01061.png,3.8,3.8,4.4,4.4,3.6
img_01062.png,3.2,4.6,4.8,4.4,3
img_01063.png,3.8,4,4.2,3,3.6
img_01064.png,3.2,4.2,4.8,3.2,3.8
img_01065.png,3.6,2.8,3.8,2.6,2.2
img_01066.png,3.6,3.2,3.4,3,1.8
img_01067.png,4.4,2.6,4,3.4,2.4
img_01068.png,4,2.4,4.6,3.6,2.2
img_01069.png,4,3.8,4.8,3.8,4
img_01070.png,4,3.6,4.6,3.4,3.6
img_01071.png,2.6,3,3.8,3.6,2.8
img_01072.png,4.4,4.2,5,4,3.6
img_01073.png,4.2,3.2,3.6,3.8,2.6
img_01074.png,3.4,4,4.8,4,3.6
img_01075.png,4.4,4,4.8,3.4,2
img_01076.png,2.8,3.8,3.8,2.8,3.6
img_01077.png,3.4,2.6,2.6,2.8,3
img_01078.png,4.6,4,4.2,3,3.8
img_01079.png,4.4,3.6,4.2,3.8,2.8
img_01080.png,3,2.2,4.4,4.2,2.4
img_01081.png,4,3,4,3.4,1.8
img_01082.png,4.8,4.2,4.2,4,3.6
img_01083.png,4.2,3.6,5,3.4,3.4
img_01084.png,4.8,3.6,4.6,2.6,4.6
img_01085.png,3.8,4,4,2.8,4.2
img_01086.png,3.8,2.6,3.8,3.6,4
img_01087.png,4.2,3.8,4.2,4.6,2.4
img_01088.png,3.2,3,3.8,2.4,2
img_01089.png,3.8,3.6,3.8,3.4,2.6
img_01090.png,4.6,3.4,4.2,3.6,3.2
img_01091.png,4.2,3.2,4.6,2.8,2.6
img_01092.png,3.4,3.4,4.8,3.2,4.4
img_01093.png,4.2,3.8,4.2,2.2,4.4
img_01094.png,3.8,4.4,4.8,3,3.8
img_01095.png,4.2,4,3.8,3.8,3.4
img_01096.png,4,2.4,3.4,3.2,2.8
img_01097.png,3.8,2,3.8,4,1.8
img_01098.png,3.6,3.2,4.4,4,3.4
img_01099.png,3.2,3.2,3,3.4,1.6
img_01100.png,3.8,3.4,3.2,3.6,1.8
img_01101.png,4.8,4.2,4.6,3.4,3.4
img_01102.png,2.8,4.2,4.8,3.8,3.4
img_01103.png,4.4,3.4,4.6,3.8,3.8
img_01104.png,4.2,4,4.6,4,3.4
img_01105.png,3,3.8,4.8,4.2,4.6
img_01106.png,4.4,3.6,3.4,3.8,3
img_01107.png,4.2,3,4.6,4.2,2.4
img_01108.png,4,3.8,4.2,4,3.8
img_01109.png,4.4,3.8,4.4,3.8,4
img_01110.png,4.6,3.4,4.6,3.6,2.6
img_01111.png,4.6,3.2,5,4,3.4
img_01112.png,3.8,3,3.4,3.4,4.4
img_01113.png,2.2,2.4,3.6,2.6,3.6
img_01114.png,4,3,3.8,3.6,3.6
img_01115.png,3.4,3,3.6,4,2.4
img_01116.png,4.6,4.2,4.2,3.4,3.6
img_01117.png,3,4,4,3.4,4.2
img_01118.png,4.8,3.8,4.4,3,3.2
img_01119.png,4.4,2.8,4.8,2.8,2.4
img_01120.png,4.4,3.2,4.8,3.6,2.8
img_01121.png,4.2,3.2,4,2.6,3
img_01122.png,3.8,4.2,4.2,3,3.2
img_01123.png,4,3.8,4,3,2.8
img_01124.png,4.4,3,3.8,4.2,2.6
img_01125.png,4,3.8,4.4,4,2.8
img_01126.png,4.4,3.6,4.2,3.4,3.4
img_01127.png,4,4,4.2,3.2,4.2
img_01128.png,2,3.8,3.4,2.2,2.4
img_01129.png,4.6,3.4,4.2,3.2,3
img_01130.png,3,3.2,4,2.8,3.6
img_01131.png,3.8,3,3.4,2.6,3
img_01132.png,4,3.2,4.4,3,3.8
img_01133.png,3.8,3.6,3.6,3.8,4.2
img_01134.png,3.6,4,4.6,3.8,4
img_01135.png,4.2,3.8,4.8,3,2.6
img_01136.png,4.6,3.2,4.6,3.8,3.6
img_01137.png,3.4,3.4,4.4,2.6,2.8
img_01138.png,4.6,3.6,4,3.8,3.2
img_01139.png,2.8,3.2,3.8,3.4,3
img_01140.png,3.4,2.6,3.6,4,2.2
img_01141.png,2.8,2.6,4.2,3,2.4
img_01142.png,4.6,4,4,4,3
img_01143.png,4.4,3.8,4.8,4,2.6
img_01144.png,4.4,4.4,4.8,3,3.4
img_01145.png,4,3.4,4,2.6,3.2
img_01146.png,4.2,3.2,4.2,4,3
img_01147.png,3.8,3.8,3.6,3.4,3.8
img_01148.png,3.4,2.8,2.4,4.2,1.8
img_01149.png,4.4,3.8,4.2,3.6,3.2
img_01150.png,4.4,3.2,4.6,4.4,2.8
img_01151.png,4.4,3,3.6,4,3.6
img_01152.png,4.6,3.4,4.2,3.8,3.2
img_01153.png,3.8,3.2,4.4,3,2.4
img_01154.png,4.2,4.6,4.4,3.6,3.6
img_01155.png,3.4,4,3.6,3.2,3.2
img_01156.png,4.8,4.2,4.6,2.6,3.2
img_01157.png,4.2,3.2,4.6,4.8,3.2
img_01158.png,4.4,3.6,4.2,3.6,2.2
img_01159.png,4,3.6,3.2,2.8,3.2
img_01160.png,4,3,4.2,2.8,3.4
img_01161.png,3.8,3,3,4.2,1.8
img_01162.png,4,3.8,4,4.6,3
img_01163.png,3,3.2,4.8,3.2,2.2
img_01164.png,4.2,3.6,5,3.4,3.4
img_01165.png,4.2,2.8,3.6,3,1.6
img_01166.png,4,4,4.4,2.6,3.8
img_01167.png,3.4,4.2,4.2,2.8,2.4
img_01168.png,4.4,3.6,3.6,3.4,2.6
img_01169.png,3,3,4.4,3,2.6
img_01170.png,4.2,3.6,4,3.2,3.2
img_01171.png,4.4,4,4.6,4.6,3.6
img_01172.png,3.4,4.2,4.4,3,3.4
img_01173.png,4.2,4,4.6,3.6,3.6
img_01174.png,4.6,3,4.4,3.6,3.6
img_01175.png,3.4,2.6,4,3.8,2.8
img_01176.png,3.8,3.8,4.6,3.2,3.4
img_01177.png,2.6,3.4,2.6,2.2,2.2
img_01178.png,4.2,3,4.2,3.6,4
img_01179.png,4.8,3.8,5,3,3.6
img_01180.png,3,4.2,4.6,3.4,2.6
img_01181.png,3.8,3.4,4.2,4,3.6
img_01182.png,3.4,3.6,4.4,3.2,3.4
img_01183.png,4.8,4.4,5,4,2.8
img_01184.png,4.2,3,3.8,4.4,2.2
img_01185.png,4.2,4.4,4.4,3.8,3.6
img_01186.png,4.6,4.6,4.6,4.2,3.4
img_01187.png,4.6,4.2,3.8,4.6,3.8
img_01188.png,3.8,3.8,3.8,3.4,4.6
img_01189.png,4.2,4,4.8,3.2,3
img_01190.png,3.4,4.4,4.6,3.2,3.6
img_01191.png,3.2,3.8,4.6,3.4,2
img_01192.png,4,3.2,4.2,3.4,4.2
img_01193.png,4.2,4.2,4.6,4.2,4.2
img_01194.png,4.4,4.2,4.8,2.8,2.2
img_01195.png,4.2,4.4,4.6,3.4,2.8
img_01196.png,3,3.4,3.4,3,3.2
img_01197.png,2.2,3.4,3.6,2.2,2.8
img_01198.png,4.8,3.4,4.8,2.6,2.6
img_01199.png,3.8,4.2,4,3.2,3.4
img_01200.png,4.2,3.6,4.8,4.2,2.4
img_01201.png,3.8,3.4,4.8,3.6,2.8
img_01202.png,1.6,3.4,3.2,3.6,2.2
img_01203.png,4.2,3.8,4.8,4,3.6
img_01204.png,3.2,4,4.2,3.4,4.6
img_01205.png,4,3.4,4.8,3,3
img_01206.png,3.6,3,3.4,4.2,3.4
img_01207.png,3.8,2.8,4.6,3,4.4
img_01208.png,3.8,4.6,4.4,3.2,4
img_01209.png,3.2,3.4,5,3.6,2
img_01210.png,4,3.4,4.4,3.4,4.6
img_01211.png,4.4,3.4,3.6,2,3.6
img_01212.png,4.6,4,3.8,3.6,2.6
img_01213.png,4.2,4.4,3,3.6,3.4
img_01214.png,2,3.6,4.8,3.8,3.6
img_01215.png,3.4,3,3,3,2.8
img_01216.png,2.8,3,4.8,2.8,2.6
img_01217.png,4.4,4.4,4,3.8,3.6
img_01218.png,4.8,1.6,3.8,3.6,3.2
img_01219.png,4,3.2,4.2,3.6,2
img_01220.png,3.2,3.2,4.8,4,3.6
img_01221.png,4.4,3.6,4.2,2.4,4
img_01222.png,4.6,4,4,3.2,3.2
img_01223.png,4.2,3.4,4.4,3,4.2
img_01224.png,4.2,3.8,4.8,4.4,3.4
img_01225.png,4.8,4,4.2,4.2,4.4
img_01226.png,4.4,3.8,3.8,4,3.6
img_01227.png,2.6,3.6,4.8,3.4,3
img_01228.png,3.8,4.4,4.4,3.2,4.4
img_01229.png,2.6,3.8,4.6,3.4,3.8
img_01230.png,3.8,3.8,3.6,2.8,2.2
img_01231.png,4,4,4.2,3.8,3.6
img_01232.png,3,3,4.2,3.4,1.6
img_01233.png,3.6,4.2,4.2,3,4
img_01234.png,4,3.6,4.2,3.4,3.2
img_01235.png,3.6,3.8,4.4,2.8,3
img_01236.png,3.8,3.6,3.8,3.2,3
img_01237.png,3.4,3.4,3.6,3.2,4
img_01238.png,3.6,3.8,3.6,3.2,4
img_01239.png,4,3.8,4.4,3.2,3.8
img_01240.png,4.4,2.4,3.6,4,3.4
img_01241.png,3.8,3.4,4.4,3.2,2.2
img_01242.png,4.4,2.8,4.4,3.6,3.2
img_01243.png,3.6,4.2,4.8,4,3.8
img_01244.png,3.4,3.6,3.6,3.2,3
img_01245.png,4,4.2,3.8,3.4,3.4
img_01246.png,3.2,4.2,3.6,3.6,2.6
img_01247.png,3.6,3.2,3.4,3.2,2.2
img_01248.png,3,3.4,4.2,4.4,2.6
img_01249.png,4.6,3.4,4.2,4.4,2.2
img_01250.png,4.2,4.4,4.6,3.4,3
img_01251.png,3.8,3,3.4,4.6,3.6
img_01252.png,2.8,3.2,4.4,3.6,2.6
img_01253.png,4.2,3.4,4.6,3.6,3.4
img_01254.png,3.6,3.6,4.4,3.6,3
img_01255.png,4,4.2,3.4,2.6,2.6
img_01256.png,3.2,4.2,4.6,3.2,3
img_01257.png,4.6,4.6,3.2,3.2,3.6
img_01258.png,3,2,4.4,3.8,3.6
img_01259.png,4.6,4,5,4.2,3.2
img_01260.png,5,3.4,4.2,4.2,3.4
img_01261.png,3.8,4,3,3.2,3
img_01262.png,4.6,3.6,4.8,3.2,4.2
img_01263.png,4.6,2.6,4.6,3.2,3.8
img_01264.png,4.2,3.6,3.6,4.2,3.8
img_01265.png,4.2,4,3.6,3.6,3.8
img_01266.png,3.4,3,3.8,3.8,2.8
img_01267.png,4.4,3.6,4.8,2.6,3
img_01268.png,4.2,3,3.8,3.2,2.8
img_01269.png,3.6,4,3.6,4.4,2
img_01270.png,2.8,3.2,4,2.4,3.4
img_01271.png,3.4,3,4.6,3.8,2
img_01272.png,1.8,3.2,4.2,2.6,3.2
img_01273.png,2.8,2.2,3.6,2.6,3
img_01274.png,5,3,4.6,2.8,2.2
img_01275.png,4.4,3.8,3.8,4,3
img_01276.png,5,2.8,5,3.6,3.6
img_01277.png,3,2.8,4,5,2.4
img_01278.png,3.8,2.2,3.8,3.4,1.8
img_01279.png,3.4,3.8,4,3,2.8
img_01280.png,3.6,2.6,4.4,4.4,3.8
img_01281.png,2.6,3.4,5,3.8,2.6
img_01282.png,3.8,3.6,4,3.8,1.8
img_01283.png,4.2,3.4,4,3.2,3.2
img_01284.png,4.4,3.2,2.8,2.6,2.4
img_01285.png,4.4,4.2,5,4,4
img_01286.png,4,4.2,5,4,3
img_01287.png,2.6,3.8,3,4,3
img_01288.png,3.6,4,4.8,3.6,2.2
img_01289.png,3.6,3.4,4.4,3,4.2
img_01290.png,1.8,1.8,3.8,3,3.8
img_01291.png,4.4,3.6,5,3.2,3.4
img_01292.png,3.6,2.8,4,3.2,2.8
img_01293.png,2.8,3.6,4.2,2.4,2.6
img_01294.png,2.4,3.2,4,3,2.8
img_01295.png,3.2,3.4,4.4,4,3.4
img_01296.png,3.4,3.8,3.6,2.4,2.4
img_01297.png,5,4.2,4.8,4.2,4.8
img_01298.png,3,3.6,3.4,3.6,3.4
img_01299.png,4.2,3.4,4.2,3.6,3.6
img_01300.png,4,3.4,4.8,4,2.8
img_01301.png,4,3.4,4.8,3.2,4
img_01302.png,4,4,3.8,3.6,3
img_01303.png,4.8,3.6,4.2,4.2,3.8
img_01304.png,3.2,3.8,5,3.4,2.2
img_01305.png,4.2,3,4.6,4,3.4
img_01306.png,4.2,3.6,5,4.4,4.2
img_01307.png,4.6,3.6,4.6,3.4,3
img_01308.png,2.8,3.2,4.4,4.8,3.8
img_01309.png,3.6,3.8,4.4,3.6,3.8
img_01310.png,2.6,3.6,4.2,3.2,2.8
img_01311.png,4,4.6,5,3.8,3.8
img_01312.png,3.8,3.4,4,3.8,2.2
img_01313.png,2.4,3.8,4.6,2.8,1.8
img_01314.png,4.2,3.4,5,3,2.6
img_01315.png,4,3.6,4.4,4.2,3.6
img_01316.png,4,3.4,4.6,3.2,2.6
img_01317.png,4.8,4,5,3.8,3.4
img_01318.png,4.8,3.4,4.8,2.6,3
img_01319.png,3,3.8,1.8,2.2,3
img_01320.png,3.8,3,4.4,3.6,2.6
img_01321.png,3.4,3.6,3.2,3.2,3
img_01322.png,4.6,3.8,4.2,4,2.6
img_01323.png,3.8,2.8,3.8,3.8,4
img_01324.png,2.6,3.6,3.8,3.8,3
img_01325.png,4,4,4,4,3.4
img_01326.png,2.4,3,3.4,4,3
img_01327.png,4.6,4,4.4,3.4,2.6
img_01328.png,3.6,4.4,2.6,4,3.6
img_01329.png,3.4,3.6,3.8,4.6,2.6
img_01330.png,3.6,4.2,3.4,3,3.6
img_01331.png,5,3.8,4.6,3.8,2
img_01332.png,4.4,3.6,3.4,4.2,3.4
img_01333.png,4.2,4.2,3.4,3,3.4
img_01334.png,3.2,3.8,4.6,3.4,3
img_01335.png,4,3.2,3.6,2.8,3.2
img_01336.png,4.8,3.2,4,3.8,3.8
img_01337.png,4.2,3.4,4.2,2.2,3
img_01338.png,4,3,4.8,3.8,3
img_01339.png,3.2,3.6,5,2.6,4.2
img_01340.png,3.6,3,3,3.2,2.6
img_01341.png,3,4,4.4,3.4,3.8
img_01342.png,2.8,2.4,3.2,3.8,1.6
img_01343.png,4.2,3.6,4,3.6,2.8
img_01344.png,3.8,2.6,4.4,4.4,4
img_01345.png,4,4,5,3.8,4
img_01346.png,3.4,3.2,3,3,2.2
img_01347.png,3.8,2.6,4.8,3.6,3.6
img_01348.png,4,3,4,3.4,1.8
img_01349.png,2.4,2.8,4.8,4.6,2.8
img_01350.png,3.6,3.6,4.4,4,2.6
img_01351.png,4.8,3.2,4,3.4,3
img_01352.png,3.8,3.2,3.6,3.8,2.4
img_01353.png,3,2.8,3.4,3.6,3
img_01354.png,3.2,3.6,4,4,3.4
img_01355.png,4,3.8,4.2,3.6,2.4
img_01356.png,2.8,3,4.4,3.8,2.6
img_01357.png,4.2,2.6,3.8,4,3.2
img_01358.png,4.2,3.8,4.8,3.8,4
img_01359.png,4.6,4.2,4.8,3.2,3
img_01360.png,4.2,3.4,4.4,3.6,3.2
img_01361.png,3.8,4.6,4.6,2.6,2.2
img_01362.png,2.6,2.8,4,3.4,3.2
img_01363.png,2.8,3.6,4.2,3.8,2.8
img_01364.png,3,3.6,4.8,3.6,3.8
img_01365.png,4,3.8,4.2,4,3.6
img_01366.png,4,3.8,4,3,3.4
img_01367.png,3.8,4,4.2,3.8,3.2
img_01368.png,2.8,3.2,2.6,3,3.4
img_01369.png,3.6,3.6,3,2.2,2.8
img_01370.png,4.8,4,4.2,2.8,3.4
img_01371.png,4.2,3.4,3.4,3.4,3.4
img_01372.png,4,3.4,3,2.6,2.8
img_01373.png,3.8,3.4,4.2,3.4,2
img_01374.png,4.2,3.8,4,3.8,2.4
img_01375.png,4.4,2.2,3.6,4.2,3.4
img_01376.png,4.6,3.8,4.8,3.2,3.4
img_01377.png,3.2,3.2,4.2,3,4
img_01378.png,4,2.8,4.4,4.2,3.4
img_01379.png,3.6,3.8,4.8,4,3.2
img_01380.png,4.2,2.4,3.4,2.6,3.4
img_01381.png,4.2,4,4.2,3.2,3.6
img_01382.png,4,4.2,4.2,4.2,3.6
img_01383.png,5,3,4,3.4,2.4
img_01384.png,2.6,3,5,2.6,2.8
img_01385.png,4,2.2,2.2,2.8,1.6
img_01386.png,4.6,2.6,3.8,4.2,4.4
img_01387.png,3.8,3.8,3.6,3.8,3.6
img_01388.png,3.8,2.2,4.4,2.6,2
img_01389.png,3.2,3.2,4.4,3.4,3.4
img_01390.png,3,3.4,4.2,4.4,3.4
img_01391.png,4,3,3.6,2.8,3
img_01392.png,4,3.2,4.2,3.4,2.2
img_01393.png,4,3,3.6,3.4,2.8
img_01394.png,4.6,4.4,5,4,2.4
img_01395.png,4.4,3.6,3.4,4,4.6
img_01396.png,4.6,3,4.4,4.4,2.4
img_01397.png,4.6,3.8,4.6,4,3.4
img_01398.png,3,2.6,2.8,2.2,2.2
img_01399.png,4,4.2,3.6,2.8,2.2
img_01400.png,2.2,2.6,4,3,2
img_01401.png,3.8,3.2,4.4,3.6,3.4
img_01402.png,4.6,2.8,5,4.2,4.4
img_01403.png,3.8,3.4,4.4,3.2,2.2
img_01404.png,4,3,3.8,3.4,3.4
img_01405.png,3.2,3.8,2.2,3.8,3.4
img_01406.png,4.4,3.2,4.2,4,3.2
img_01407.png,4,3.8,5,3.2,3.4
img_01408.png,2.2,3.2,4.8,4,3.4
img_01409.png,3.8,3.2,3.8,3.6,3.2
img_01410.png,4.8,4,5,3,3.8
img_01411.png,3.2,3.4,3.4,3.4,3.2
img_01412.png,3.8,4,4,3.4,3.4
img_01413.png,4,3,3.4,3.8,2
img_01414.png,4.4,3.2,4,3,2.6
img_01415.png,3.2,3.6,4.6,3.8,2.8
img_01416.png,3.6,3.2,3,3.4,2.6
img_01417.png,4.4,3,4.8,4,3.2
img_01418.png,4.2,4,5,2.8,3.8
img_01419.png,3.4,3.4,4.6,3.6,2
img_01420.png,4.2,3.2,4.8,3.8,3.4
img_01421.png,2.6,2.8,3.2,2.6,3.4
img_01422.png,4.6,3.4,3.6,3,2.8
img_01423.png,3.4,3.2,4.6,3.6,3.4
img_01424.png,4.2,3.2,4.6,3.8,4
img_01425.png,4.4,3.6,4.2,3.6,3.8
img_01426.png,4,4.4,4.2,3.8,3.6
img_01427.png,4.8,4.4,5,3.6,4
img_01428.png,3.6,2.8,3.6,4.2,1.6
img_01429.png,3.6,3.8,3.4,3.2,3
img_01430.png,3.6,4,4.6,3,3.6
img_01431.png,3.4,3.2,2.6,3.2,4
img_01432.png,3.6,3.2,4.2,4,3.4
img_01433.png,4,2,4.4,4,2.6
img_01434.png,4,2.6,4.4,3.6,3.2
img_01435.png,4,4.4,4.6,3,3.2
img_01436.png,4,4,4.4,3.8,2.8
img_01437.png,3.2,2.6,3.6,2.2,2.4
img_01438.png,4.4,3,4.6,4.2,3.8
img_01439.png,4,3.4,4.4,4.2,3.4
img_01440.png,3.2,3.2,3.2,3.2,3.6
img_01441.png,3,3.2,4.4,4.2,3
img_01442.png,4.2,4,4.2,3.6,3.4
img_01443.png,3.8,3.2,4.2,3.2,3.4
img_01444.png,3.8,3.2,4.6,3.4,4.2
img_01445.png,3.4,3.4,4,3.8,3.2
img_01446.png,3.4,3.6,3.6,3.4,3
img_01447.png,4.4,3.6,4.6,4,4.2
img_01448.png,4.2,3.4,3.6,4,2.8
img_01449.png,3.4,2.4,4.2,3.6,3.4
img_01450.png,4.2,3,4.6,3.4,3.8
img_01451.png,4.2,4.2,4.8,4.2,4
img_01452.png,4.2,4,4.8,3.4,3.6
img_01453.png,4.4,3.6,4.6,3.8,3
img_01454.png,3.4,3.8,4,3.6,3.2
img_01455.png,4.6,3,4.4,4.4,4
img_01456.png,3,3.2,2.8,2.6,3.2
img_01457.png,3.6,4,3.2,3.2,2.8
img_01458.png,3.8,3.6,4.6,3.6,3
img_01459.png,3.2,3.6,4.8,4.2,2.4
img_01460.png,1.8,2.8,4.4,2.6,2.6
img_01461.png,3.8,4.2,4.8,4.2,3.4
img_01462.png,4,4.2,3.6,3.4,2.6
img_01463.png,4,3.4,3.4,3.2,3.4
img_01464.png,3.2,3.2,4.2,4,4
img_01465.png,3.6,2.4,2.8,3.6,3
img_01466.png,4.4,3.6,2.8,3.4,2.8
img_01467.png,3.2,4,4,3.4,1.6
img_01468.png,4,3.6,3.4,3.8,4.2
img_01469.png,3.4,3.8,4.6,3.6,2.8
img_01470.png,3.2,4.2,4.4,4,3.6
img_01471.png,2.8,3.8,3.6,3.4,2.6
img_01472.png,3.8,3.4,4.4,3.4,3.6
img_01473.png,4,2.4,4.2,4,2.4
img_01474.png,3.8,4,5,3.8,4.2
img_01475.png,2.4,2.8,4,3,1.8
img_01476.png,3.8,2.6,3.2,4,2.6
img_01477.png,3.8,2.8,4.6,4,3
img_01478.png,3.4,3,3.6,2.8,3.6
img_01479.png,3.6,4,3.6,2.6,3.6
img_01480.png,4.2,3.6,3.6,3.6,4
img_01481.png,3.6,3.2,4.2,3.6,3.4
img_01482.png,3.4,3.2,4,3.4,2.8
img_01483.png,4.4,3.2,4.8,3.2,3.4
img_01484.png,3.8,3.2,3.6,4.2,3
img_01485.png,3.4,3.2,4.8,3.8,3.8
img_01486.png,4.4,3.6,4.6,4.4,4.2
img_01487.png,3.8,3.8,4.8,4,2.4
img_01488.png,3.4,3.2,3.8,3.6,3.6
img_01489.png,4,3.4,4.4,3.6,3
img_01490.png,3.8,3.2,2.6,2.6,2.6
img_01491.png,4.6,4,5,3.6,3.4
img_01492.png,4.2,3.4,4,4,2.4
img_01493.png,4.2,4,4.6,4.2,4.2
img_01494.png,4.2,3,4.8,4,2.8
img_01495.png,4,3.4,4.8,3.2,3.6
img_01496.png,2.8,4.4,4.6,2.8,2.2
img_01497.png,3.6,2.6,3.2,4,3.4
img_01498.png,4.4,3.6,3,3,3.6
img_01499.png,4,3.4,4.8,3.4,4.4
img_01500.png,4.4,4,4.8,3,3
img_01501.png,3.8,3.4,3,3.4,1.8
img_01502.png,3.8,3.2,4.2,3.6,2.6
img_01503.png,3.4,2.8,4.4,3.4,3.2
img_01504.png,3.6,1.8,4.2,3.6,2.4
img_01505.png,3.8,3.6,4.6,4,3.8
img_01506.png,3.8,2.6,3.6,3,2.8
img_01507.png,3.4,3.4,4.2,2.6,2.6
img_01508.png,3.4,2.6,4.4,3.4,3
img_01509.png,3.2,2.2,4.4,3.6,2.8
img_01510.png,4.4,3.6,4.8,4.2,3.4
img_01511.png,3,3.8,4.4,3.8,2.6
img_01512.png,4.2,2.4,4.8,4,3.2
img_01513.png,3.4,3,4.2,3.8,3.8
img_01514.png,4.4,2.6,5,4,2.4
img_01515.png,4.2,3.2,4,3.2,1.8
img_01516.png,3.6,3.6,4.4,3.8,2
img_01517.png,3.2,3,3.8,3,2.8
img_01518.png,4,3.2,4.6,3.8,3
img_01519.png,3.2,2.2,4.8,3.8,3.4
img_01520.png,3.2,3.4,4,2.6,2.8
img_01521.png,3.6,3,3,3.8,3.2
img_01522.png,2.6,3.4,3.8,2.8,3.2
img_01523.png,3.6,3.4,4.2,4,3.6
img_01524.png,4.4,3.4,4.8,3,4
img_01525.png,3.4,3,3.8,3.8,2.8
img_01526.png,3.4,3,4.2,4,3
img_01527.png,4,3.2,3.8,3.2,3.2
img_01528.png,4.6,3.2,4.4,4.6,2.6
img_01529.png,5,3.4,4.6,3.6,4.2
img_01530.png,3.8,2.8,4.6,3.2,3.6
img_01531.png,3,3.6,4.8,3.8,3.6
img_01532.png,4.4,3.6,4.6,3.4,4
img_01533.png,4.6,3.4,3.6,4,3.4
img_01534.png,4.6,3.8,4.8,4.2,3.2
img_01535.png,3.8,3.8,4.4,3.8,3.4
img_01536.png,3.4,2.8,4.2,3.2,2.8
img_01537.png,2.4,3,3.6,4.4,3
img_01538.png,4.4,3.2,4.2,3.6,2.8
img_01539.png,3.4,4.2,4.6,3.6,3.2
img_01540.png,2.8,3,4,3.6,3.2
img_01541.png,4.2,3.6,3.4,3.8,3
img_01542.png,4,2.4,4.6,3.2,3.8
img_01543.png,4,3.2,4.4,4.2,3.4
img_01544.png,3.6,3.4,4.2,3.4,3.2
img_01545.png,4.8,3.4,4.4,3.8,3.8
img_01546.png,4.8,3.4,5,4.6,2.6
img_01547.png,3.2,2.6,3.2,3.8,3.4
img_01548.png,4,3,5,3,3.2
img_01549.png,4.2,3.8,4,3,2.8
img_01550.png,4.2,4.2,5,4.2,4
img_01551.png,3.8,4,4.4,3.8,2.8
img_01552.png,3,2.6,4.4,3.4,2.6
img_01553.png,4.4,3.4,4.2,4,3.4
img_01554.png,4.4,4,4,3.4,4.2
img_01555.png,4.6,3.4,4.4,4.2,2.6
img_01556.png,4.4,3,3.8,2.8,2.6
img_01557.png,3.2,3.8,3.4,3.2,2.4
img_01558.png,2.2,3,4.4,2.8,3.4
img_01559.png,3.6,3.6,2.8,3,3.4
img_01560.png,4.8,3.6,3.2,3.6,2.6
img_01561.png,3.8,4,4.6,3.6,4
img_01562.png,3.8,3.8,4.2,4.2,3
img_01563.png,3.4,2.8,5,3.8,3.2
img_01564.png,3.2,3.6,5,4,4
img_01565.png,3.6,3,4.8,4.6,3.8
img_01566.png,3.2,3.6,3.2,3.6,2.8
img_01567.png,3,3.6,3.4,2.6,2.6
img_01568.png,4.4,3.8,4,3.2,2.4
img_01569.png,3.8,3.4,4.2,3.4,3.4
img_01570.png,3.8,1.8,4.6,3.6,2.8
img_01571.png,3.8,3.4,4.6,4,4.2
img_01572.png,4,3.8,4.6,3.4,3.2
img_01573.png,3.8,3.2,4.8,4.6,3
img_01574.png,3,3,4.4,4.4,3.6
img_01575.png,3.6,3.6,4.2,3.6,3.4
img_01576.png,3,3.8,3.6,3.2,3
img_01577.png,3.6,2.6,3.6,3.6,2.6
img_01578.png,4,4.2,4.4,2.8,3.2
img_01579.png,3.8,4.4,4.6,3,3.8
img_01580.png,3.6,4,4,3.6,4.2
img_01581.png,3.6,4.2,4.4,3.8,3.6
img_01582.png,4.4,3.4,3.2,4,3
img_01583.png,4,3.4,3.6,2.6,4
img_01584.png,4.4,3.4,4.2,3.8,3
img_01585.png,3.6,4,4.2,3.8,3.2
img_01586.png,4,3.4,3.8,4,2.2
img_01587.png,4.6,3.4,4,4,2.6
img_01588.png,4.2,3.4,4.6,3.4,3.8
img_01589.png,3.6,2.2,4.8,3.6,3.2
img_01590.png,4,3.8,5,3.8,2.6
img_01591.png,4.4,3.4,3.4,2.8,1.8
img_01592.png,4.8,3.8,4.6,3.4,3
img_01593.png,4,4.2,4.6,3.6,3.6
img_01594.png,4.2,3,4.8,3.2,3
img_01595.png,3.4,3.6,4,3.2,3.6
img_01596.png,4,3.4,4.4,3.6,3.4
img_01597.png,4.4,3,3,3.4,2.6
img_01598.png,3.4,3.2,3.8,3.8,3.2
img_01599.png,2.2,3.2,4.8,3.2,2
img_01600.png,3.4,4,5,3.8,4.2
img_01601.png,4,4,4.8,4,4
img_01602.png,3.2,3.4,3.2,3,3.2
img_01603.png,3.8,3,3.6,4,3.4
img_01604.png,4.2,2.6,3.6,4,2.8
img_01605.png,3.6,3.2,4.2,4,2.8
img_01606.png,3.4,3.8,3.2,2.2,2.2
img_01607.png,4.4,3.2,4.6,4,3.8
img_01608.png,3.6,3.4,2.8,3.2,3.6
img_01609.png,3.8,3.6,4.8,4.4,2.8
img_01610.png,3.8,3.6,3.2,3.8,3
img_01611.png,3.6,4.2,5,4.6,3.8
img_01612.png,3.8,3.2,4,3.8,3.4
img_01613.png,4.2,3.6,5,4.6,3.6
img_01614.png,3,3.4,4.4,3,2.8
img_01615.png,2.6,4.2,4.6,3.8,4.2
img_01616.png,4.4,3.4,4.8,4,3.2
img_01617.png,3.6,3.6,4.8,3.6,3.8
img_01618.png,4,3,4.8,3.4,2.2
img_01619.png,4.2,3.6,3.4,3.6,1.4
img_01620.png,4.2,4.2,4,3.8,4
img_01621.png,4.8,3.8,3.8,3,2.8
img_01622.png,3.4,4.4,2,3.8,3.4
img_01623.png,3.6,3.4,4.4,3,3.6
img_01624.png,4.4,3.6,4.4,4,3.4
img_01625.png,4.4,4.4,4.6,4,3
img_01626.png,4.4,4,4.4,3.8,3.4
img_01627.png,3.6,3.8,4,4,2.2
img_01628.png,3.8,3.8,4,3.8,2.8
img_01629.png,3.6,3.4,4.2,3.8,4
img_01630.png,3.8,2.6,4.6,3.8,2.6
img_01631.png,4.4,4.4,4.6,3.2,3
img_01632.png,3.6,3.8,4,3.4,3.4
img_01633.png,3.2,2.4,3.2,3.8,3
img_01634.png,3.6,3.2,4.4,3,3.6
img_01635.png,3.2,2.4,4.6,3.8,2.6
img_01636.png,4.6,4.2,4.4,4.2,2.8
img_01637.png,4.4,3.6,4.6,3.8,3.6
img_01638.png,2.8,2.6,4,4.2,2
img_01639.png,4.4,4,4.4,3.2,3.6
img_01640.png,4.2,3,2,4,3.2
img_01641.png,4,4.4,4.8,4.6,4.4
img_01642.png,4,3,3.6,3.4,3
img_01643.png,5,3.8,4.6,4,3.6
img_01644.png,3.8,3.6,3.6,3.6,3.2
img_01645.png,3.6,3.6,4.6,3.2,3.2
img_01646.png,3.6,4,3.4,3.8,1.8
img_01647.png,4.4,3.8,4.8,3.4,3
img_01648.png,2.8,3,4.8,3.4,2.8
img_01649.png,3.4,3.2,4.2,4,3
img_01650.png,3.8,3,4.6,2.8,3.2
img_01651.png,3.8,4.2,4.4,3.8,3.4
img_01652.png,4,3.4,4.2,3.2,3.4
img_01653.png,3.6,3,4.4,3,3.4
img_01654.png,4,3,4.8,3.8,3
img_01655.png,4.2,4,4.4,4.2,4
img_01656.png,3.8,3.8,4.2,3.4,3.8
img_01657.png,4.2,3,2.8,4.2,3.6
img_01658.png,3.8,3.2,3.6,3.4,2.6
img_01659.png,4.8,4.4,4.8,3.6,3.6
img_01660.png,3.4,3.2,4.8,3.2,3
img_01661.png,4.2,3.6,4,3.6,2.2
img_01662.png,3.6,3.2,5,3.4,3.6
img_01663.png,4.6,3.2,4.6,4,3.2
img_01664.png,4.4,3.6,4.4,3,3
img_01665.png,2.8,2.8,4.2,3.4,3.6
img_01666.png,4.2,4.2,5,3.8,4
img_01667.png,4.6,3.4,5,4.2,4.2
img_01668.png,4,4,4.8,3.2,3.8
img_01669.png,4.6,3.2,3.6,3.2,3
img_01670.png,4,3.8,5,3.6,4.2
img_01671.png,3.4,4,4.6,3.8,3.6
img_01672.png,3.8,4.2,4.8,3.4,3.2
img_01673.png,3.6,3.6,3,2.8,3.2
img_01674.png,3.8,3.6,3.2,3.6,3.2
img_01675.png,4,3.6,4,3.8,3
img_01676.png,3.6,3.2,3.8,3.8,3
img_01677.png,4.4,3.8,4.2,4,3.2
img_01678.png,4.2,3.4,4.2,4,3.8
img_01679.png,4.4,3.2,4.6,4,3.4
img_01680.png,2,3.8,4.4,3.6,3
img_01681.png,3.6,3,4.4,3,3
img_01682.png,3.8,3.6,4.2,2.8,2.6
img_01683.png,4.2,4.2,4,4,2.6
img_01684.png,3.2,4,3.6,4,3.6
img_01685.png,3.2,3.4,4.6,3.6,3.4
img_01686.png,4,2.4,4.2,3.4,2.2
img_01687.png,4,3,3.2,3.8,2.2
img_01688.png,4.2,4.2,4.4,3.2,3.2
img_01689.png,3.6,3.6,4,3.6,2.8
img_01690.png,3.8,2.2,4.6,3.2,2.6
img_01691.png,4.4,3.4,4.6,3.6,3
img_01692.png,4,2.6,3.8,4.2,2.4
img_01693.png,3.6,3,5,4,4
img_01694.png,4.6,4,4.4,3.8,3.6
img_01695.png,2.2,3.6,4.4,4.2,3.2
img_01696.png,3.6,2.4,3.6,3.2,2.8
img_01697.png,4.8,3.2,4.4,3.2,2.2
img_01698.png,3.6,2.4,4.4,3.4,3.8
img_01699.png,4.6,4.4,4.8,4.6,3.6
img_01700.png,3.8,4.4,5,3.8,3
img_01701.png,4.6,3.4,4.8,3,4.2
img_01702.png,4.2,3.4,4.6,4,3.8
img_01703.png,4,2.8,3.2,3.4,2
img_01704.png,3.6,3.6,4.4,3.4,2.6
img_01705.png,2.8,3.2,4.2,4.2,2.2
img_01706.png,3.6,3.2,3.8,3.2,3.2
img_01707.png,2.8,3.6,4.2,4,2.8
img_01708.png,3.4,2.8,4,2.4,3.6
img_01709.png,3.6,3.8,4.4,4,2.4
img_01710.png,4.2,2.6,4.8,3.4,2.8
img_01711.png,4,3.8,3.4,3.2,3
img_01712.png,4,3.6,4.6,4.2,3.6
img_01713.png,4,3.4,2.6,3.2,2.2
img_01714.png,4.6,3.6,4.4,3.6,4.2
img_01715.png,4.2,4.2,4.6,4,3.4
img_01716.png,4.4,3.6,3.4,3,1.8
img_01717.png,2.4,3.6,3.8,4,2.6
img_01718.png,4.8,3.6,4.4,3.2,3.8
img_01719.png,4.2,3.2,4.4,3.2,3.2
img_01720.png,4,4.2,5,4,3.6
img_01721.png,4,3.4,4.4,3.4,3.2
img_01722.png,4.4,3.8,4.4,3.6,2.4
img_01723.png,3,3.4,3.2,3,3.2
img_01724.png,3.4,4,4.6,4.2,3.8
img_01725.png,4,3.6,4.4,4,3.2
img_01726.png,3.6,3.2,5,4.4,4.6
img_01727.png,4.4,3,4.8,4,3.8
img_01728.png,2.2,3.2,4.2,3,2.6
img_01729.png,3.8,2.2,3.8,3.8,2.2
img_01730.png,2,2.8,4.6,3.6,3
img_01731.png,3.8,3.2,4.4,3.6,3.4
img_01732.png,4.8,3.8,4.2,3.6,3
img_01733.png,4,3.8,4,3.6,3
img_01734.png,4,4,4.8,3.4,2.4
img_01735.png,3,3.2,3.8,3.8,3.2
img_01736.png,4,3.4,3.8,3.6,3
img_01737.png,4,3.8,4,2.8,3.6
img_01738.png,3.2,3.8,4.6,4.2,3
img_01739.png,3.8,3.8,4,3.4,3
img_01740.png,4,4.2,4,4.4,3.8
img_01741.png,3.4,3.6,4.8,3.8,4.4
img_01742.png,4.8,4,4.2,3.8,3
img_01743.png,3.4,3.8,4.8,3.8,3.6
img_01744.png,4.6,3.6,5,4.2,3.8
img_01745.png,3.8,4.4,4.8,3.8,3.8
img_01746.png,3.6,3.8,4.6,3.6,3.2
img_01747.png,3.8,3.6,4.8,4.2,4.4
img_01748.png,3.4,2.6,4.4,3.6,2.8
img_01749.png,3.8,3.2,4.8,3,4.4
img_01750.png,4,2.8,3.4,4,2.6
img_01751.png,3.8,3.8,3.6,3.8,2.6
img_01752.png,3.4,3.6,3,4,3.6
img_01753.png,3.4,4.2,4.6,4.2,3
img_01754.png,3.6,2.4,2,3.6,2.4
img_01755.png,4.4,3.4,5,3.6,3.4
img_01756.png,2.6,3.4,4.6,3.6,2.2
img_01757.png,4,3,4,2.6,3.2
img_01758.png,3,3.8,4.6,3.4,2.6
img_01759.png,3.8,4.2,4.8,2.8,4.2
img_01760.png,4,2.8,4.6,4,3
img_01761.png,4.8,3.4,4.8,3.6,3.2
img_01762.png,4.6,3.6,4.6,4.2,3.4
img_01763.png,3.8,4.2,4.4,2.8,2.2
img_01764.png,3.6,3.6,4.6,3.8,4
img_01765.png,4,2.8,5,3,3.4
img_01766.png,3.6,2.8,3.4,3.8,2.6
img_01767.png,4.6,3.4,4.4,2.6,2
img_01768.png,4.4,3.4,3.8,4.8,2.6
img_01769.png,4.4,3.6,4.4,3.8,3.4
img_01770.png,4,3,3.4,2.8,3.2
img_01771.png,4.2,4,4.4,3,2.6
img_01772.png,3.4,2.8,4.2,4,3
img_01773.png,2.4,4,4.4,4,2.4
img_01774.png,4,3.2,4,3,3
img_01775.png,3.8,3.2,4.2,3.2,4
img_01776.png,4.2,4.2,4.4,4.2,3.4
img_01777.png,4,3.8,4.8,3.6,3.6
img_01778.png,3.8,3.2,4.2,3.4,3.4
img_01779.png,3.8,2.6,4,3.8,3
img_01780.png,4.2,4.2,5,3.2,4.4
img_01781.png,3.2,2.2,3.6,3.2,3
img_01782.png,3.6,3.4,4.2,3,3.4
img_01783.png,3,3.6,4.6,3.6,2.6
img_01784.png,4,3.6,4.4,3.8,3.8
img_01785.png,2.8,3.6,4.4,3.6,2.4
img_01786.png,4.8,3.4,4.4,4,4
img_01787.png,3,2.2,5,3.8,3.2
img_01788.png,2.2,2.6,4,3.4,1.8
img_01789.png,4,4.2,3.8,3.4,3.4
img_01790.png,4,3.8,4.2,4.2,3.4
img_01791.png,3,2.4,4.4,3.4,2.8
img_01792.png,3.2,2.6,2.8,3.6,3.2
img_01793.png,3.8,3.6,4.6,4,3.6
img_01794.png,4.2,3,4.6,4,3.2
img_01795.png,4,3.8,4.8,5,2.6
img_01796.png,3.8,4.2,3.8,4,2.6
img_01797.png,4,3.4,4.8,3.2,3
img_01798.png,4.2,3.6,5,4.4,4.2
img_01799.png,4,3,4.4,3.8,3.2
img_01800.png,4,4.2,4.6,3.6,3.2